Entity,Code,Year,GDP per capita (2011 international-$ (PPP-adjusted US$))
Albania,ALB,2014,10664.4194
Algeria,DZA,2014,12812.00242
Angola,AGO,2014,7967.857265
Anguilla,AIA,2014,27290.40966
Antigua and Barbuda,ATG,2014,21001.6037
Argentina,ARG,2014,20221.82932
Armenia,ARM,2014,8585.958301
Aruba,ABW,2014,37937.18404
Australia,AUS,2014,43070.61938
Austria,AUT,2014,47744.46085
Azerbaijan,AZE,2014,15886.86511
Bahamas,BHS,2014,23451.67473
Bahrain,BHR,2014,41626.12696
Bangladesh,BGD,2014,2884.936155
Barbados,BRB,2014,14219.74576
Belarus,BLR,2014,20290.34868
Belgium,BEL,2014,43667.88885
Belize,BLZ,2014,8393.210883
Benin,BEN,2014,1921.850253
Bermuda,BMU,2014,57530.84041
Bhutan,BTN,2014,6880.465731
Bolivia,BOL,2014,6012.765004
Bosnia and Herzegovina,BIH,2014,10027.5053
Botswana,BWA,2014,16175.24084
Brazil,BRA,2014,14870.58413
British Virgin Islands,VGB,2014,26975.64931
Brunei,BRN,2014,68498.55236
Bulgaria,BGR,2014,17461.62381
Burkina Faso,BFA,2014,1564.975396
Burundi,BDI,2014,772.4963947
Cambodia,KHM,2014,2995.467269
Cameroon,CMR,2014,2681.855361
Canada,CAN,2014,42351.85363
Cape Verde,CPV,2014,6289.86605
Cayman Islands,CYM,2014,51465.01869
Central African Republic,CAF,2014,594.2658167
Chad,TCD,2014,2012.768033
Chile,CHL,2014,21581.32562
China,CHN,2014,12472.51286
Colombia,COL,2014,12599.37903
Comoros,COM,2014,1460.043318
Congo,COG,2014,4426.34231
Costa Rica,CRI,2014,14185.77497
Cote d'Ivoire,CIV,2014,3352.45178
Croatia,HRV,2014,21674.99897
Curacao,CUW,2014,25964.74253
Cyprus,CYP,2014,28601.68955
Czech Republic,CZE,2014,31856.27454
Democratic Republic of Congo,COD,2014,1216.945512
Denmark,DNK,2014,44923.96513
Djibouti,DJI,2014,3200.369523
Dominica,DMA,2014,10188.28466
Dominican Republic,DOM,2014,12510.98996
Ecuador,ECU,2014,10968.09069
Egypt,EGY,2014,9908.813573
El Salvador,SLV,2014,7843.099152
Equatorial Guinea,GNQ,2014,40132.96244
Estonia,EST,2014,28537.81863
Ethiopia,ETH,2014,1323.106318
Fiji,FJI,2014,7908.71253
Finland,FIN,2014,40400.77019
France,FRA,2014,39374.27587
Gabon,GAB,2014,14160.93597
Gambia,GMB,2014,1544.453279
Georgia,GEO,2014,9361.660305
Germany,DEU,2014,45961.05459
Ghana,GHA,2014,3570.186712
Greece,GRC,2014,25990.46526
Grenada,GRD,2014,11155.28719
Guatemala,GTM,2014,6850.591156
Guinea,GIN,2014,1428.546421
Guinea-Bissau,GNB,2014,1251.005768
Haiti,HTI,2014,1562.357525
Honduras,HND,2014,4423.593799
Hong Kong,HKG,2014,51807.83511
Hungary,HUN,2014,25757.93939
Iceland,ISL,2014,42876.07863
India,IND,2014,5224.015425
Indonesia,IDN,2014,9706.621622
Iran,IRN,2014,15547.42891
Iraq,IRQ,2014,12095.62962
Ireland,IRL,2014,48766.61813
Israel,ISR,2014,33270.03865
Italy,ITA,2014,35806.5225
Jamaica,JAM,2014,7449.434873
Japan,JPN,2014,35358.45985
Jordan,JOR,2014,10455.80704
Kazakhstan,KAZ,2014,23450.32129
Kenya,KEN,2014,2768.738017
Kuwait,KWT,2014,63885.57183
Kyrgyzstan,KGZ,2014,3358.509258
Laos,LAO,2014,5543.686606
Latvia,LVA,2014,23678.89039
Lebanon,LBN,2014,13999.41667
Lesotho,LSO,2014,2409.163714
Liberia,LBR,2014,837.7125221
Lithuania,LTU,2014,28207.55307
Luxembourg,LUX,2014,95175.72409
Macao,MAC,2014,126980.02
Macedonia,MKD,2014,13150.62858
Madagascar,MDG,2014,1237.4249
Malawi,MWI,2014,949.0280079
Malaysia,MYS,2014,23158.05404
Maldives,MDV,2014,14390.70987
Mali,MLI,2014,1433.536349
Malta,MLT,2014,31643.69877
Mauritania,MRT,2014,3409.084021
Mauritius,MUS,2014,17942.04141
Mexico,MEX,2014,15852.57144
Moldova,MDA,2014,4811.061772
Mongolia,MNG,2014,11526.45867
Montenegro,MNE,2014,14566.88029
Montserrat,MSR,2014,19231.20242
Morocco,MAR,2014,7162.637518
Mozambique,MOZ,2014,1137.119932
Myanmar,MMR,2014,5343.58907
Namibia,NAM,2014,10910.95137
Nepal,NPL,2014,2173.358274
Netherlands,NLD,2014,47239.51744
New Zealand,NZL,2014,34734.65137
Nicaragua,NIC,2014,4452.804896
Niger,NER,2014,851.645432
Nigeria,NGA,2014,5500.98437
Norway,NOR,2014,64274.35839
Oman,OMN,2014,38527.4487
Pakistan,PAK,2014,4645.610551
Palestine,PSE,2014,4257.1354
Panama,PAN,2014,19701.61954
Paraguay,PRY,2014,8283.691714
Peru,PER,2014,10993.2501
Philippines,PHL,2014,6658.538785
Poland,POL,2014,25156.02095
Portugal,PRT,2014,28476.31899
Qatar,QAT,2014,144340.3656
Romania,ROU,2014,20817.47104
Russia,RUS,2014,24039.1329
Rwanda,RWA,2014,1565.138909
Saint Kitts and Nevis,KNA,2014,23324.21882
Saint Lucia,LCA,2014,10067.17048
Saint Vincent and the Grenadines,VCT,2014,9615.886831
Sao Tome and Principe,STP,2014,3239.286104
Saudi Arabia,SAU,2014,48025.03809
Senegal,SEN,2014,2246.933361
Serbia,SRB,2014,13441.26571
Seychelles,SYC,2014,25821.92533
Sierra Leone,SLE,2014,1419.011179
Singapore,SGP,2014,72582.99425
Sint Maarten (Dutch part),SXM,2014,34176.99973
Slovakia,SVK,2014,28608.63885
Slovenia,SVN,2014,30487.62568
South Africa,ZAF,2014,12128.42155
South Korea,KOR,2014,35103.95711
Spain,ESP,2014,33864.21838
Sri Lanka,LKA,2014,10342.37533
Sudan (former),,2014,3780.628882
Suriname,SUR,2014,15655.02725
Swaziland,SWZ,2014,8029.180787
Sweden,SWE,2014,44598.26695
Switzerland,CHE,2014,58468.91519
Syria,SYR,2014,4199.947236
Taiwan,TWN,2014,44327.50757
Tajikistan,TJK,2014,2747.448665
Tanzania,TZA,2014,2213.168682
Thailand,THA,2014,13967.18828
Togo,TGO,2014,1383.66156
Trinidad and Tobago,TTO,2014,31195.90591
Tunisia,TUN,2014,10365.35523
Turkey,TUR,2014,19236.1166
Turkmenistan,TKM,2014,20953.41615
Turks and Caicos Islands,TCA,2014,20853.01388
Uganda,UGA,2014,1839.058908
Ukraine,UKR,2014,10334.70154
United Arab Emirates,ARE,2014,64397.51252
United Kingdom,GBR,2014,40241.5087
United States,USA,2014,52292.28183
Uruguay,URY,2014,20395.55132
Uzbekistan,UZB,2014,8194.683485
Venezuela,VEN,2014,14134.14597
Vietnam,VNM,2014,5353.39962
Yemen,YEM,2014,3355.064203
Zambia,ZMB,2014,3726.181792
Zimbabwe,ZWE,2014,1869.068982
Albania,ALB,2013,10101.00749
Algeria,DZA,2013,13114.58989
Angola,AGO,2013,7842.665559
Anguilla,AIA,2013,25410.03461
Antigua and Barbuda,ATG,2013,20322.51957
Argentina,ARG,2013,20578.80146
Armenia,ARM,2013,8381.545489
Aruba,ABW,2013,37572.0872
Australia,AUS,2013,43238.30927
Austria,AUT,2013,47442.67958
Azerbaijan,AZE,2013,16204.9884
Bahamas,BHS,2013,23839.20409
Bahrain,BHR,2013,41310.27118
Bangladesh,BGD,2013,2808.588821
Barbados,BRB,2013,14520.05633
Belarus,BLR,2013,19320.71059
Belgium,BEL,2013,43441.13245
Belize,BLZ,2013,7910.729942
Benin,BEN,2013,1829.163196
Bermuda,BMU,2013,57655.02613
Bhutan,BTN,2013,6516.037082
Bolivia,BOL,2013,6063.657643
Bosnia and Herzegovina,BIH,2013,9773.765888
Botswana,BWA,2013,14190.88967
Brazil,BRA,2013,15082.60477
British Virgin Islands,VGB,2013,27545.64408
Brunei,BRN,2013,71495.6742
Bulgaria,BGR,2013,16808.51225
Burkina Faso,BFA,2013,1450.534006
Burundi,BDI,2013,742.7227322
Cambodia,KHM,2013,2953.528775
Cameroon,CMR,2013,2598.298982
Canada,CAN,2013,41964.6024
Cape Verde,CPV,2013,5803.533255
Cayman Islands,CYM,2013,52836.96434
Central African Republic,CAF,2013,584.5971899
Chad,TCD,2013,1981.070174
Chile,CHL,2013,21458.55975
China,CHN,2013,11673.13728
Colombia,COL,2013,12314.22743
Comoros,COM,2013,1448.673469
Congo,COG,2013,5019.327516
Costa Rica,CRI,2013,13775.11343
Cote d'Ivoire,CIV,2013,3170.021844
Croatia,HRV,2013,21448.08293
Curacao,CUW,2013,26504.46755
Cyprus,CYP,2013,29599.69489
Czech Republic,CZE,2013,30539.1096
Democratic Republic of Congo,COD,2013,1197.546676
Denmark,DNK,2013,44584.97884
Djibouti,DJI,2013,2840.259108
Dominica,DMA,2013,10124.13248
Dominican Republic,DOM,2013,11905.67722
Ecuador,ECU,2013,10630.38133
Egypt,EGY,2013,9896.301825
El Salvador,SLV,2013,7675.743109
Equatorial Guinea,GNQ,2013,41711.93922
Estonia,EST,2013,27559.88469
Ethiopia,ETH,2013,1246.071223
Fiji,FJI,2013,7661.766101
Finland,FIN,2013,40677.81552
France,FRA,2013,39273.59225
Gabon,GAB,2013,14926.86371
Gambia,GMB,2013,1567.675518
Georgia,GEO,2013,9039.580806
Germany,DEU,2013,44522.4746
Ghana,GHA,2013,3716.236858
Greece,GRC,2013,25993.3757
Grenada,GRD,2013,10970.90191
Guatemala,GTM,2013,6668.730131
Guinea,GIN,2013,1309.805565
Guinea-Bissau,GNB,2013,1225.367276
Haiti,HTI,2013,1547.404563
Honduras,HND,2013,4301.140589
Hong Kong,HKG,2013,51097.87418
Hungary,HUN,2013,24645.84481
Iceland,ISL,2013,41464.81278
India,IND,2013,4967.116915
Indonesia,IDN,2013,9452.95219
Iran,IRN,2013,16010.11802
Iraq,IRQ,2013,13387.58833
Ireland,IRL,2013,46574.94063
Israel,ISR,2013,32839.59196
Italy,ITA,2013,35947.33434
Jamaica,JAM,2013,7477.311842
Japan,JPN,2013,35418.31535
Jordan,JOR,2013,10425.07708
Kazakhstan,KAZ,2013,22856.39448
Kenya,KEN,2013,2716.544694
Kuwait,KWT,2013,72918.89859
Kyrgyzstan,KGZ,2013,3320.290881
Laos,LAO,2013,5111.488785
Latvia,LVA,2013,22580.54142
Lebanon,LBN,2013,14613.88297
Lesotho,LSO,2013,2314.887915
Liberia,LBR,2013,803.1058265
Lithuania,LTU,2013,26730.43471
Luxembourg,LUX,2013,91816.97313
Macao,MAC,2013,128000.1168
Macedonia,MKD,2013,12461.74292
Madagascar,MDG,2013,1085.395156
Malawi,MWI,2013,905.9067323
Malaysia,MYS,2013,22263.83524
Maldives,MDV,2013,13727.45193
Mali,MLI,2013,1394.037409
Malta,MLT,2013,31004.69886
Mauritania,MRT,2013,2895.486363
Mauritius,MUS,2013,17104.05521
Mexico,MEX,2013,15545.591
Moldova,MDA,2013,4670.66685
Mongolia,MNG,2013,10620.22059
Montenegro,MNE,2013,14124.54088
Montserrat,MSR,2013,18629.51373
Morocco,MAR,2013,7067.484151
Mozambique,MOZ,2013,1077.572107
Myanmar,MMR,2013,4860.493319
Namibia,NAM,2013,10083.676
Nepal,NPL,2013,2075.664083
Netherlands,NLD,2013,47092.46796
New Zealand,NZL,2013,33996.20483
Nicaragua,NIC,2013,4231.875952
Niger,NER,2013,845.7725228
Nigeria,NGA,2013,5388.322127
Norway,NOR,2013,65104.97915
Oman,OMN,2013,41770.81302
Pakistan,PAK,2013,4455.283605
Palestine,PSE,2013,4432.63182
Panama,PAN,2013,20168.20757
Paraguay,PRY,2013,8080.499022
Peru,PER,2013,10914.06531
Philippines,PHL,2013,6417.78012
Poland,POL,2013,24445.09199
Portugal,PRT,2013,27657.96294
Qatar,QAT,2013,156139.4279
Romania,ROU,2013,19953.88584
Russia,RUS,2013,23709.55077
Rwanda,RWA,2013,1507.27277
Saint Kitts and Nevis,KNA,2013,21786.43164
Saint Lucia,LCA,2013,10070.16835
Saint Vincent and the Grenadines,VCT,2013,9572.741244
Sao Tome and Principe,STP,2013,3096.300834
Saudi Arabia,SAU,2013,50339.86234
Senegal,SEN,2013,2173.649633
Serbia,SRB,2013,13449.39837
Seychelles,SYC,2013,24845.0182
Sierra Leone,SLE,2013,1783.633724
Singapore,SGP,2013,72743.5248
Sint Maarten (Dutch part),SXM,2013,33908.88314
Slovakia,SVK,2013,27690.61291
Slovenia,SVN,2013,29148.8946
South Africa,ZAF,2013,12154.13637
South Korea,KOR,2013,34122.72706
Spain,ESP,2013,33001.87807
Sri Lanka,LKA,2013,9495.701196
Sudan (former),,2013,3676.390217
Suriname,SUR,2013,15552.66902
Swaziland,SWZ,2013,8186.961882
Sweden,SWE,2013,44235.56461
Switzerland,CHE,2013,58282.95926
Syria,SYR,2013,4053.137433
Taiwan,TWN,2013,42371.10923
Tajikistan,TJK,2013,2791.618153
Tanzania,TZA,2013,2095.694112
Thailand,THA,2013,14036.20427
Togo,TGO,2013,1347.023662
Trinidad and Tobago,TTO,2013,30731.60426
Tunisia,TUN,2013,10251.65307
Turkey,TUR,2013,18804.87659
Turkmenistan,TKM,2013,19424.35026
Turks and Caicos Islands,TCA,2013,20353.27664
Uganda,UGA,2013,1798.07934
Ukraine,UKR,2013,10782.93631
United Arab Emirates,ARE,2013,67458.28779
United Kingdom,GBR,2013,39094.96024
United States,USA,2013,51317.20825
Uruguay,URY,2013,19805.90841
Uzbekistan,UZB,2013,7968.79138
Venezuela,VEN,2013,15438.27183
Vietnam,VNM,2013,5096.442579
Yemen,YEM,2013,3462.986874
Zambia,ZMB,2013,3643.210153
Zimbabwe,ZWE,2013,1813.117296
Albania,ALB,2012,10001.64008
Algeria,DZA,2012,13562.23013
Angola,AGO,2012,7595.546875
Anguilla,AIA,2012,25682.47998
Antigua and Barbuda,ATG,2012,20216.8373
Argentina,ARG,2012,20281.3002
Armenia,ARM,2012,8165.974076
Aruba,ABW,2012,36574.48212
Australia,AUS,2012,43150.51203
Austria,AUT,2012,46410.31044
Azerbaijan,AZE,2012,16557.91903
Bahamas,BHS,2012,23613.39181
Bahrain,BHR,2012,41534.20064
Bangladesh,BGD,2012,2683.661358
Barbados,BRB,2012,14751.47806
Belarus,BLR,2012,19303.33333
Belgium,BEL,2012,43040.61577
Belize,BLZ,2012,7917.46451
Benin,BEN,2012,1761.639771
Bermuda,BMU,2012,58657.92391
Bhutan,BTN,2012,6669.579643
Bolivia,BOL,2012,5859.136934
Bosnia and Herzegovina,BIH,2012,9379.15315
Botswana,BWA,2012,13674.92718
Brazil,BRA,2012,14769.45857
British Virgin Islands,VGB,2012,28235.82106
Brunei,BRN,2012,77600.56172
Bulgaria,BGR,2012,16238.10939
Burkina Faso,BFA,2012,1446.166745
Burundi,BDI,2012,708.8957069
Cambodia,KHM,2012,2757.794847
Cameroon,CMR,2012,2534.622652
Canada,CAN,2012,41524.48462
Cape Verde,CPV,2012,6161.006899
Cayman Islands,CYM,2012,52954.72208
Central African Republic,CAF,2012,919.8322414
Chad,TCD,2012,1839.113827
Chile,CHL,2012,21037.02593
China,CHN,2012,10944.68187
Colombia,COL,2012,11932.00812
Comoros,COM,2012,1429.457617
Congo,COG,2012,5144.5462
Costa Rica,CRI,2012,13430.92646
Cote d'Ivoire,CIV,2012,2982.439941
Croatia,HRV,2012,21236.50941
Curacao,CUW,2012,26979.90738
Cyprus,CYP,2012,31963.82447
Czech Republic,CZE,2012,29386.38158
Democratic Republic of Congo,COD,2012,807.2308853
Denmark,DNK,2012,43795.59867
Djibouti,DJI,2012,2714.726332
Dominica,DMA,2012,10116.95625
Dominican Republic,DOM,2012,11630.94797
Ecuador,ECU,2012,10275.13619
Egypt,EGY,2012,9818.986613
El Salvador,SLV,2012,7602.545832
Equatorial Guinea,GNQ,2012,39087.52845
Estonia,EST,2012,26637.45702
Ethiopia,ETH,2012,1166.017723
Fiji,FJI,2012,7381.487028
Finland,FIN,2012,40958.68722
France,FRA,2012,37954.53766
Gabon,GAB,2012,15691.8558
Gambia,GMB,2012,1541.8568
Georgia,GEO,2012,8512.25229
Germany,DEU,2012,43547.49857
Ghana,GHA,2012,3808.229669
Greece,GRC,2012,25632.06918
Grenada,GRD,2012,10755.68426
Guatemala,GTM,2012,6584.801451
Guinea,GIN,2012,1266.490308
Guinea-Bissau,GNB,2012,1258.819573
Haiti,HTI,2012,1496.561728
Honduras,HND,2012,4365.616918
Hong Kong,HKG,2012,49798.81673
Hungary,HUN,2012,23450.79289
Iceland,ISL,2012,39616.25089
India,IND,2012,4725.337891
Indonesia,IDN,2012,9124.648608
Iran,IRN,2012,15398.65849
Iraq,IRQ,2012,13164.04518
Ireland,IRL,2012,45873.55579
Israel,ISR,2012,32095.79615
Italy,ITA,2012,36148.66551
Jamaica,JAM,2012,7527.208655
Japan,JPN,2012,35011.57202
Jordan,JOR,2012,10481.47623
Kazakhstan,KAZ,2012,22010.37864
Kenya,KEN,2012,2645.986386
Kuwait,KWT,2012,78239.07191
Kyrgyzstan,KGZ,2012,3165.658824
Laos,LAO,2012,4827.717783
Latvia,LVA,2012,21200.76348
Lebanon,LBN,2012,14946.2761
Lesotho,LSO,2012,2330.815168
Liberia,LBR,2012,760.251187
Lithuania,LTU,2012,24756.42476
Luxembourg,LUX,2012,90921.65342
Macao,MAC,2012,116681.9089
Macedonia,MKD,2012,11556.14642
Madagascar,MDG,2012,1155.174844
Malawi,MWI,2012,1017.278925
Malaysia,MYS,2012,21817.78897
Maldives,MDV,2012,13401.00555
Mali,MLI,2012,1428.813781
Malta,MLT,2012,30003.63484
Mauritania,MRT,2012,2956.005612
Mauritius,MUS,2012,16506.52201
Mexico,MEX,2012,15632.30172
Moldova,MDA,2012,4338.083009
Mongolia,MNG,2012,9833.215971
Montenegro,MNE,2012,13378.86117
Montserrat,MSR,2012,18431.02305
Morocco,MAR,2012,6817.452733
Mozambique,MOZ,2012,967.8502615
Myanmar,MMR,2012,4548.395537
Namibia,NAM,2012,9668.609878
Nepal,NPL,2012,2033.24715
Netherlands,NLD,2012,46230.05396
New Zealand,NZL,2012,32397.10814
Nicaragua,NIC,2012,4163.496709
Niger,NER,2012,836.0642292
Nigeria,NGA,2012,5579.71277
Norway,NOR,2012,63804.34611
Oman,OMN,2012,45407.82365
Pakistan,PAK,2012,4357.507114
Palestine,PSE,2012,4615.621181
Panama,PAN,2012,17455.98794
Paraguay,PRY,2012,7402.601554
Peru,PER,2012,10633.63335
Philippines,PHL,2012,5981.194206
Poland,POL,2012,23694.01201
Portugal,PRT,2012,27115.60306
Qatar,QAT,2012,159825.7227
Romania,ROU,2012,19245.68709
Russia,RUS,2012,23619.12693
Rwanda,RWA,2012,1458.821614
Saint Kitts and Nevis,KNA,2012,20479.08445
Saint Lucia,LCA,2012,10160.72751
Saint Vincent and the Grenadines,VCT,2012,9411.145022
Sao Tome and Principe,STP,2012,3039.268934
Saudi Arabia,SAU,2012,52274.72091
Senegal,SEN,2012,2092.636277
Serbia,SRB,2012,12743.22541
Seychelles,SYC,2012,23138.02972
Sierra Leone,SLE,2012,1541.579159
Singapore,SGP,2012,72620.4962
Sint Maarten (Dutch part),SXM,2012,34333.72596
Slovakia,SVK,2012,26605.2125
Slovenia,SVN,2012,28698.26304
South Africa,ZAF,2012,12020.76114
South Korea,KOR,2012,33044.56382
Spain,ESP,2012,32740.21572
Sri Lanka,LKA,2012,8806.870182
Sudan (former),,2012,3323.564616
Suriname,SUR,2012,15236.01759
Swaziland,SWZ,2012,8377.799796
Sweden,SWE,2012,44035.98848
Switzerland,CHE,2012,57371.42415
Syria,SYR,2012,4792.867937
Taiwan,TWN,2012,40939.16149
Tajikistan,TJK,2012,2678.134396
Tanzania,TZA,2012,2070.80854
Thailand,THA,2012,14561.1039
Togo,TGO,2012,1184.694344
Trinidad and Tobago,TTO,2012,30548.38389
Tunisia,TUN,2012,10325.70266
Turkey,TUR,2012,18382.36399
Turkmenistan,TKM,2012,17450.51346
Turks and Caicos Islands,TCA,2012,20377.80366
Uganda,UGA,2012,1773.690025
Ukraine,UKR,2012,10462.72139
United Arab Emirates,ARE,2012,62367.47479
United Kingdom,GBR,2012,37590.88694
United States,USA,2012,50752.12564
Uruguay,URY,2012,18669.60682
Uzbekistan,UZB,2012,7327.243256
Venezuela,VEN,2012,16851.22561
Vietnam,VNM,2012,4918.886609
Yemen,YEM,2012,3437.283837
Zambia,ZMB,2012,3517.170452
Zimbabwe,ZWE,2012,1627.728783
Albania,ALB,2011,9196.80537
Algeria,DZA,2011,13440.07223
Angola,AGO,2011,7527.508174
Anguilla,AIA,2011,27386.32723
Antigua and Barbuda,ATG,2011,19766.77458
Argentina,ARG,2011,20224.6604
Armenia,ARM,2011,7876.100621
Aruba,ABW,2011,37392.61223
Australia,AUS,2011,43715.8873
Austria,AUT,2011,44330.37894
Azerbaijan,AZE,2011,16853.16658
Bahamas,BHS,2011,23737.62884
Bahrain,BHR,2011,41516.9895
Bangladesh,BGD,2011,2577.784198
Barbados,BRB,2011,15703.55077
Belarus,BLR,2011,17938.08999
Belgium,BEL,2011,41795.05324
Belize,BLZ,2011,7733.149643
Benin,BEN,2011,1712.133711
Bermuda,BMU,2011,61338.19122
Bhutan,BTN,2011,6660.80678
Bolivia,BOL,2011,5575.874303
Bosnia and Herzegovina,BIH,2011,9044.016941
Botswana,BWA,2011,13938.85895
Brazil,BRA,2011,14874.18834
British Virgin Islands,VGB,2011,30296.34373
Brunei,BRN,2011,78130.8871
Bulgaria,BGR,2011,15815.72417
Burkina Faso,BFA,2011,1385.745366
Burundi,BDI,2011,641.0734681
Cambodia,KHM,2011,2595.127541
Cameroon,CMR,2011,2471.711246
Canada,CAN,2011,41273.168
Cape Verde,CPV,2011,6133.229585
Cayman Islands,CYM,2011,53187.79998
Central African Republic,CAF,2011,905.9521358
Chad,TCD,2011,1679.048398
Chile,CHL,2011,20520.72321
China,CHN,2011,10205.05597
Colombia,COL,2011,11582.56118
Comoros,COM,2011,1417.481259
Congo,COG,2011,5339.352696
Costa Rica,CRI,2011,12958.27146
Cote d'Ivoire,CIV,2011,2615.490855
Croatia,HRV,2011,20671.74941
Curacao,CUW,2011,27351.86108
Cyprus,CYP,2011,33027.4018
Czech Republic,CZE,2011,28976.14542
Democratic Republic of Congo,COD,2011,691.3162604
Denmark,DNK,2011,42747.13458
Djibouti,DJI,2011,2594.745514
Dominica,DMA,2011,10274.29775
Dominican Republic,DOM,2011,11289.32094
Ecuador,ECU,2011,9836.373225
Egypt,EGY,2011,9891.495444
El Salvador,SLV,2011,7459.158763
Equatorial Guinea,GNQ,2011,40615.49497
Estonia,EST,2011,24528.73654
Ethiopia,ETH,2011,1077.299742
Fiji,FJI,2011,7330.168806
Finland,FIN,2011,40636.26567
France,FRA,2011,37709.10717
Gabon,GAB,2011,15320.58429
Gambia,GMB,2011,1487.007784
Georgia,GEO,2011,8005.982388
Germany,DEU,2011,42815.42858
Ghana,GHA,2011,3440.032142
Greece,GRC,2011,26360.09189
Grenada,GRD,2011,10936.5694
Guatemala,GTM,2011,6544.936764
Guinea,GIN,2011,1245.480882
Guinea-Bissau,GNB,2011,1413.640435
Haiti,HTI,2011,1506.701434
Honduras,HND,2011,4304.521834
Hong Kong,HKG,2011,49693.18956
Hungary,HUN,2011,23190.23357
Iceland,ISL,2011,38896.01926
India,IND,2011,4562.175397
Indonesia,IDN,2011,8897.223498
Iran,IRN,2011,18263.78444
Iraq,IRQ,2011,12120.63028
Ireland,IRL,2011,45014.1271
Israel,ISR,2011,31370.54662
Italy,ITA,2011,36095.05442
Jamaica,JAM,2011,7588.395994
Japan,JPN,2011,34450.61763
Jordan,JOR,2011,10262.47649
Kazakhstan,KAZ,2011,21701.29802
Kenya,KEN,2011,2542.901786
Kuwait,KWT,2011,74705.24571
Kyrgyzstan,KGZ,2011,3437.430538
Laos,LAO,2011,4325.658529
Latvia,LVA,2011,19802.06725
Lebanon,LBN,2011,15527.71845
Lesotho,LSO,2011,2312.476654
Liberia,LBR,2011,721.8290152
Lithuania,LTU,2011,22490.60941
Luxembourg,LUX,2011,90444.98892
Macao,MAC,2011,107600.0736
Macedonia,MKD,2011,11290.70692
Madagascar,MDG,2011,1275.212677
Malawi,MWI,2011,1087.381675
Malaysia,MYS,2011,21139.08048
Maldives,MDV,2011,13200.61635
Mali,MLI,2011,1488.560794
Malta,MLT,2011,29213.13932
Mauritania,MRT,2011,3163.781973
Mauritius,MUS,2011,16131.99711
Mexico,MEX,2011,15429.78498
Moldova,MDA,2011,4295.31875
Mongolia,MNG,2011,8656.826246
Montenegro,MNE,2011,13748.30766
Montserrat,MSR,2011,17885.09467
Morocco,MAR,2011,6771.473377
Mozambique,MOZ,2011,925.058727
Myanmar,MMR,2011,3863.977327
Namibia,NAM,2011,8892.989618
Nepal,NPL,2011,1936.455063
Netherlands,NLD,2011,46090.31991
New Zealand,NZL,2011,32141.83282
Nicaragua,NIC,2011,4054.53993
Niger,NER,2011,773.817884
Nigeria,NGA,2011,5168.63157
Norway,NOR,2011,60881.8641
Oman,OMN,2011,45084.61032
Pakistan,PAK,2011,4359.186802
Palestine,PSE,2011,4352.421651
Panama,PAN,2011,16280.04537
Paraguay,PRY,2011,7434.040628
Peru,PER,2011,10329.07009
Philippines,PHL,2011,5754.809834
Poland,POL,2011,22411.55229
Portugal,PRT,2011,26950.64483
Qatar,QAT,2011,156908.9532
Romania,ROU,2011,17639.42028
Russia,RUS,2011,22847.35373
Rwanda,RWA,2011,1384.166786
Saint Kitts and Nevis,KNA,2011,20510.17108
Saint Lucia,LCA,2011,10373.40208
Saint Vincent and the Grenadines,VCT,2011,9261.018921
Sao Tome and Principe,STP,2011,2796.8036
Saudi Arabia,SAU,2011,51049.85203
Senegal,SEN,2011,2085.76975
Serbia,SRB,2011,12262.51211
Seychelles,SYC,2011,22061.92724
Sierra Leone,SLE,2011,1286.39033
Singapore,SGP,2011,71790.48652
Sint Maarten (Dutch part),SXM,2011,37179.72018
Slovakia,SVK,2011,25388.92538
Slovenia,SVN,2011,28603.68842
South Africa,ZAF,2011,11961.02493
South Korea,KOR,2011,32543.39351
Spain,ESP,2011,32843.51405
Sri Lanka,LKA,2011,8341.599273
Sudan (former),,2011,3819.673935
Suriname,SUR,2011,14901.32204
Swaziland,SWZ,2011,7598.206172
Sweden,SWE,2011,43353.23091
Switzerland,CHE,2011,55080.77689
Syria,SYR,2011,5636.243552
Taiwan,TWN,2011,40507.76978
Tajikistan,TJK,2011,2464.028299
Tanzania,TZA,2011,2051.530675
Thailand,THA,2011,13631.78796
Togo,TGO,2011,1217.484728
Trinidad and Tobago,TTO,2011,30159.18
Tunisia,TUN,2011,10168.24083
Turkey,TUR,2011,17525.16887
Turkmenistan,TKM,2011,16369.72272
Turks and Caicos Islands,TCA,2011,21559.04385
Uganda,UGA,2011,1786.908197
Ukraine,UKR,2011,10028.95596
United Arab Emirates,ARE,2011,62388.03307
United Kingdom,GBR,2011,36483.28363
United States,USA,2011,49908.57144
Uruguay,URY,2011,17983.18956
Uzbekistan,UZB,2011,7071.823629
Venezuela,VEN,2011,16784.70992
Vietnam,VNM,2011,4558.690801
Yemen,YEM,2011,3797.384066
Zambia,ZMB,2011,3393.771681
Zimbabwe,ZWE,2011,1453.49527
Albania,ALB,2010,8978.370144
Algeria,DZA,2010,12449.70104
Angola,AGO,2010,6130.026984
Anguilla,AIA,2010,27138.19744
Antigua and Barbuda,ATG,2010,19725.58743
Argentina,ARG,2010,18501.46612
Armenia,ARM,2010,7111.749307
Aruba,ABW,2010,39066.40012
Australia,AUS,2010,43154.96152
Austria,AUT,2010,42475.5907
Azerbaijan,AZE,2010,14084.42127
Bahamas,BHS,2010,24456.57787
Bahrain,BHR,2010,39591.34557
Bangladesh,BGD,2010,2315.79583
Barbados,BRB,2010,17288.96656
Belarus,BLR,2010,15211.58809
Belgium,BEL,2010,40719.96131
Belize,BLZ,2010,7640.732595
Benin,BEN,2010,1728.152055
Bermuda,BMU,2010,60912.42552
Bhutan,BTN,2010,6591.592138
Bolivia,BOL,2010,5109.750153
Bosnia and Herzegovina,BIH,2010,8773.101933
Botswana,BWA,2010,12712.74854
Brazil,BRA,2010,13514.00663
British Virgin Islands,VGB,2010,31546.0417
Brunei,BRN,2010,65319.50758
Bulgaria,BGR,2010,15315.68191
Burkina Faso,BFA,2010,1321.526999
Burundi,BDI,2010,637.4801637
Cambodia,KHM,2010,2443.563602
Cameroon,CMR,2010,2431.024526
Canada,CAN,2010,40198.19333
Cape Verde,CPV,2010,5828.525037
Cayman Islands,CYM,2010,53587.94576
Central African Republic,CAF,2010,860.8745675
Chad,TCD,2010,1821.190498
Chile,CHL,2010,19009.22863
China,CHN,2010,9456.309942
Colombia,COL,2010,10506.99824
Comoros,COM,2010,1427.262527
Congo,COG,2010,4889.218397
Costa Rica,CRI,2010,12615.85989
Cote d'Ivoire,CIV,2010,2787.6684
Croatia,HRV,2010,19849.89748
Curacao,CUW,2010,27727.06095
Cyprus,CYP,2010,35007.52027
Czech Republic,CZE,2010,27627.56259
Democratic Republic of Congo,COD,2010,567.2213274
Denmark,DNK,2010,41962.69003
Djibouti,DJI,2010,2644.82474
Dominica,DMA,2010,10182.44657
Dominican Republic,DOM,2010,11137.93051
Ecuador,ECU,2010,8960.630055
Egypt,EGY,2010,8795.762061
El Salvador,SLV,2010,6240.958376
Equatorial Guinea,GNQ,2010,28152.02764
Estonia,EST,2010,21812.58071
Ethiopia,ETH,2010,927.4044819
Fiji,FJI,2010,6929.800047
Finland,FIN,2010,39089.1889
France,FRA,2010,36770.90891
Gabon,GAB,2010,12905.05415
Gambia,GMB,2010,1699.463334
Georgia,GEO,2010,7313.186004
Germany,DEU,2010,40758.49428
Ghana,GHA,2010,2690.50546
Greece,GRC,2010,29208.99572
Grenada,GRD,2010,10699.6156
Guatemala,GTM,2010,6250.607828
Guinea,GIN,2010,1220.775886
Guinea-Bissau,GNB,2010,1266.364944
Haiti,HTI,2010,1456.312906
Honduras,HND,2010,4110.727947
Hong Kong,HKG,2010,48127.03848
Hungary,HUN,2010,22366.95637
Iceland,ISL,2010,38531.68862
India,IND,2010,4229.969169
Indonesia,IDN,2010,7460.583391
Iran,IRN,2010,17286.66084
Iraq,IRQ,2010,9451.069696
Ireland,IRL,2010,43568.71235
Israel,ISR,2010,30985.19465
Italy,ITA,2010,35517.34412
Jamaica,JAM,2010,7365.133156
Japan,JPN,2010,34847.5644
Jordan,JOR,2010,9782.895916
Kazakhstan,KAZ,2010,18067.66406
Kenya,KEN,2010,2441.841968
Kuwait,KWT,2010,62574.95163
Kyrgyzstan,KGZ,2010,2874.659695
Laos,LAO,2010,3783.616887
Latvia,LVA,2010,17996.30297
Lebanon,LBN,2010,16968.45309
Lesotho,LSO,2010,2156.532495
Liberia,LBR,2010,705.3939961
Lithuania,LTU,2010,20384.5937
Luxembourg,LUX,2010,84125.84215
Macao,MAC,2010,86787.99233
Macedonia,MKD,2010,11418.71519
Madagascar,MDG,2010,658.0910324
Malawi,MWI,2010,1031.162515
Malaysia,MYS,2010,19813.90805
Maldives,MDV,2010,12324.33914
Mali,MLI,2010,1457.521182
Malta,MLT,2010,29205.79388
Mauritania,MRT,2010,2847.673272
Mauritius,MUS,2010,15319.6886
Mexico,MEX,2010,14623.5569
Moldova,MDA,2010,3749.950575
Mongolia,MNG,2010,7304.106327
Montenegro,MNE,2010,13114.09388
Montserrat,MSR,2010,17236.43503
Morocco,MAR,2010,6315.9583
Mozambique,MOZ,2010,939.0822127
Myanmar,MMR,2010,3502.123308
Namibia,NAM,2010,8194.018787
Nepal,NPL,2010,1816.095483
Netherlands,NLD,2010,45009.44694
New Zealand,NZL,2010,31272.65951
Nicaragua,NIC,2010,3931.063855
Niger,NER,2010,762.235132
Nigeria,NGA,2010,5172.918831
Norway,NOR,2010,58127.26259
Oman,OMN,2010,43782.14918
Pakistan,PAK,2010,4071.975247
Palestine,PSE,2010,3969.885764
Panama,PAN,2010,14652.07078
Paraguay,PRY,2010,6831.075192
Peru,PER,2010,9604.099725
Philippines,PHL,2010,5470.466066
Poland,POL,2010,21051.29149
Portugal,PRT,2010,27530.07085
Qatar,QAT,2010,121528.417
Romania,ROU,2010,16714.1387
Russia,RUS,2010,20205.83027
Rwanda,RWA,2010,1278.875804
Saint Kitts and Nevis,KNA,2010,19678.15315
Saint Lucia,LCA,2010,10045.56985
Saint Vincent and the Grenadines,VCT,2010,9137.474774
Sao Tome and Principe,STP,2010,2527.537328
Saudi Arabia,SAU,2010,40416.17482
Senegal,SEN,2010,2107.606912
Serbia,SRB,2010,11601.04449
Seychelles,SYC,2010,20216.58587
Sierra Leone,SLE,2010,1241.203085
Singapore,SGP,2010,69141.09746
Sint Maarten (Dutch part),SXM,2010,38240.81294
Slovakia,SVK,2010,25003.71459
Slovenia,SVN,2010,28086.74217
South Africa,ZAF,2010,11493.27886
South Korea,KOR,2010,32326.61794
Spain,ESP,2010,33267.6634
Sri Lanka,LKA,2010,7646.205108
Sudan (former),,2010,3494.014268
Suriname,SUR,2010,13873.98256
Swaziland,SWZ,2010,7786.352161
Sweden,SWE,2010,41888.03992
Switzerland,CHE,2010,52052.13734
Syria,SYR,2010,5633.405945
Taiwan,TWN,2010,39961.98643
Tajikistan,TJK,2010,2459.203534
Tanzania,TZA,2010,1920.42471
Thailand,THA,2010,13108.99449
Togo,TGO,2010,1213.705397
Trinidad and Tobago,TTO,2010,25999.25787
Tunisia,TUN,2010,10505.13892
Turkey,TUR,2010,16198.12456
Turkmenistan,TKM,2010,14827.07986
Turks and Caicos Islands,TCA,2010,21260.98708
Uganda,UGA,2010,1688.758961
Ukraine,UKR,2010,9074.938983
United Arab Emirates,ARE,2010,56490.12156
United Kingdom,GBR,2010,36491.05954
United States,USA,2010,49596.1532
Uruguay,URY,2010,16457.6411
Uzbekistan,UZB,2010,6676.231771
Venezuela,VEN,2010,15118.51351
Vietnam,VNM,2010,4237.814669
Yemen,YEM,2010,4108.446694
Zambia,ZMB,2010,3076.108103
Zimbabwe,ZWE,2010,1477.949834
Albania,ALB,2009,8886.302578
Algeria,DZA,2009,11036.99576
Angola,AGO,2009,4675.46843
Anguilla,AIA,2009,29119.4296
Antigua and Barbuda,ATG,2009,21447.4116
Argentina,ARG,2009,16976.83846
Armenia,ARM,2009,6536.578985
Aruba,ABW,2009,43563.79583
Australia,AUS,2009,41616.34002
Austria,AUT,2009,41822.79902
Azerbaijan,AZE,2009,11370.94213
Bahamas,BHS,2009,24537.68389
Bahrain,BHR,2009,36719.02222
Bangladesh,BGD,2009,2082.891723
Barbados,BRB,2009,18975.78287
Belarus,BLR,2009,14110.83626
Belgium,BEL,2009,38890.43825
Belize,BLZ,2009,7357.436029
Benin,BEN,2009,1774.668925
Bermuda,BMU,2009,59879.93214
Bhutan,BTN,2009,6254.594947
Bolivia,BOL,2009,4632.545268
Bosnia and Herzegovina,BIH,2009,8709.448014
Botswana,BWA,2009,11447.85089
Brazil,BRA,2009,11777.41835
British Virgin Islands,VGB,2009,32079.62123
Brunei,BRN,2009,62880.22562
Bulgaria,BGR,2009,15038.30144
Burkina Faso,BFA,2009,1246.892712
Burundi,BDI,2009,599.3658053
Cambodia,KHM,2009,2396.55183
Cameroon,CMR,2009,2379.888936
Canada,CAN,2009,38846.44209
Cape Verde,CPV,2009,5662.427314
Cayman Islands,CYM,2009,56325.42117
Central African Republic,CAF,2009,845.3595817
Chad,TCD,2009,1456.41902
Chile,CHL,2009,16660.17514
China,CHN,2009,8709.034704
Colombia,COL,2009,9793.900071
Comoros,COM,2009,1439.349424
Congo,COG,2009,3141.029445
Costa Rica,CRI,2009,12070.15716
Cote d'Ivoire,CIV,2009,2570.544054
Croatia,HRV,2009,20522.45936
Curacao,CUW,2009,28493.44168
Cyprus,CYP,2009,35375.67457
Czech Republic,CZE,2009,27920.26573
Democratic Republic of Congo,COD,2009,336.8045374
Denmark,DNK,2009,40392.90867
Djibouti,DJI,2009,2674.98547
Dominica,DMA,2009,10035.60509
Dominican Republic,DOM,2009,10483.34638
Ecuador,ECU,2009,8500.44229
Egypt,EGY,2009,7831.240593
El Salvador,SLV,2009,5411.710818
Equatorial Guinea,GNQ,2009,19421.48606
Estonia,EST,2009,20995.27399
Ethiopia,ETH,2009,838.6364927
Fiji,FJI,2009,6651.723036
Finland,FIN,2009,38790.64238
France,FRA,2009,36064.80731
Gabon,GAB,2009,12326.15878
Gambia,GMB,2009,1658.876749
Georgia,GEO,2009,6858.791782
Germany,DEU,2009,38725.63895
Ghana,GHA,2009,2577.222739
Greece,GRC,2009,31432.77997
Grenada,GRD,2009,10547.63436
Guatemala,GTM,2009,6094.068752
Guinea,GIN,2009,1080.759471
Guinea-Bissau,GNB,2009,1228.804569
Haiti,HTI,2009,1590.24422
Honduras,HND,2009,3960.79551
Hong Kong,HKG,2009,46315.93763
Hungary,HUN,2009,21736.08957
Iceland,ISL,2009,41660.37757
India,IND,2009,3768.211697
Indonesia,IDN,2009,6423.714445
Iran,IRN,2009,16127.66509
Iraq,IRQ,2009,7999.112356
Ireland,IRL,2009,42887.80672
Israel,ISR,2009,30498.92277
Italy,ITA,2009,35510.8218
Jamaica,JAM,2009,7248.811199
Japan,JPN,2009,33380.01015
Jordan,JOR,2009,9604.786195
Kazakhstan,KAZ,2009,15257.97397
Kenya,KEN,2009,2292.621698
Kuwait,KWT,2009,58980.46325
Kyrgyzstan,KGZ,2009,2815.568408
Laos,LAO,2009,3534.588728
Latvia,LVA,2009,17805.89166
Lebanon,LBN,2009,16704.51984
Lesotho,LSO,2009,2049.723175
Liberia,LBR,2009,670.0756161
Lithuania,LTU,2009,18884.76828
Luxembourg,LUX,2009,80863.46893
Macao,MAC,2009,67550.22188
Macedonia,MKD,2009,11139.37123
Madagascar,MDG,2009,507.5692555
Malawi,MWI,2009,1052.106528
Malaysia,MYS,2009,18648.57884
Maldives,MDV,2009,12261.1361
Mali,MLI,2009,1404.556559
Malta,MLT,2009,27872.23016
Mauritania,MRT,2009,2479.113029
Mauritius,MUS,2009,15051.89138
Mexico,MEX,2009,13813.25319
Moldova,MDA,2009,3341.808538
Mongolia,MNG,2009,6251.86974
Montenegro,MNE,2009,12850.35892
Montserrat,MSR,2009,18087.64517
Morocco,MAR,2009,5962.946865
Mozambique,MOZ,2009,974.0689177
Myanmar,MMR,2009,2828.169948
Namibia,NAM,2009,8021.516862
Nepal,NPL,2009,1628.851794
Netherlands,NLD,2009,45094.56704
New Zealand,NZL,2009,30380.07083
Nicaragua,NIC,2009,3878.749882
Niger,NER,2009,730.8537676
Nigeria,NGA,2009,4792.229845
Norway,NOR,2009,56246.70186
Oman,OMN,2009,40710.89959
Pakistan,PAK,2009,3873.348201
Palestine,PSE,2009,3759.053719
Panama,PAN,2009,14007.131
Paraguay,PRY,2009,5944.968187
Peru,PER,2009,8551.943713
Philippines,PHL,2009,5010.111384
Poland,POL,2009,19654.71911
Portugal,PRT,2009,27011.51223
Qatar,QAT,2009,103910.6479
Romania,ROU,2009,16042.43355
Russia,RUS,2009,17924.66023
Rwanda,RWA,2009,1233.546002
Saint Kitts and Nevis,KNA,2009,19768.22578
Saint Lucia,LCA,2009,9987.672624
Saint Vincent and the Grenadines,VCT,2009,9443.928303
Sao Tome and Principe,STP,2009,2275.08147
Saudi Arabia,SAU,2009,33990.13776
Senegal,SEN,2009,2090.628519
Serbia,SRB,2009,11705.04708
Seychelles,SYC,2009,19490.68766
Sierra Leone,SLE,2009,1208.651025
Singapore,SGP,2009,59965.88315
Sint Maarten (Dutch part),SXM,2009,38106.56378
Slovakia,SVK,2009,23958.46774
Slovenia,SVN,2009,28307.40706
South Africa,ZAF,2009,11155.2277
South Korea,KOR,2009,30426.98598
Spain,ESP,2009,34189.97397
Sri Lanka,LKA,2009,6975.572814
Sudan (former),,2009,3041.68721
Suriname,SUR,2009,12594.88808
Swaziland,SWZ,2009,7697.814369
Sweden,SWE,2009,40281.51251
Switzerland,CHE,2009,51665.68743
Syria,SYR,2009,5215.510253
Taiwan,TWN,2009,36783.87264
Tajikistan,TJK,2009,2272.131694
Tanzania,TZA,2009,1782.224265
Thailand,THA,2009,11812.26311
Togo,TGO,2009,1187.378494
Trinidad and Tobago,TTO,2009,23806.67471
Tunisia,TUN,2009,10153.75661
Turkey,TUR,2009,14914.00691
Turkmenistan,TKM,2009,13599.85475
Turks and Caicos Islands,TCA,2009,21209.47162
Uganda,UGA,2009,1618.72934
Ukraine,UKR,2009,8397.299766
United Arab Emirates,ARE,2009,59752.37748
United Kingdom,GBR,2009,37349.27315
United States,USA,2009,48839.97404
Uruguay,URY,2009,14506.35542
Uzbekistan,UZB,2009,6025.619082
Venezuela,VEN,2009,12711.79604
Vietnam,VNM,2009,3767.940981
Yemen,YEM,2009,3590.456094
Zambia,ZMB,2009,2740.559396
Zimbabwe,ZWE,2009,1518.454452
Albania,ALB,2008,8169.508118
Algeria,DZA,2008,12978.41065
Angola,AGO,2008,5394.978797
Anguilla,AIA,2008,38679.48784
Antigua and Barbuda,ATG,2008,22674.78295
Argentina,ARG,2008,17164.75696
Armenia,ARM,2008,7171.832007
Aruba,ABW,2008,45059.64045
Australia,AUS,2008,42221.57788
Austria,AUT,2008,42401.53893
Azerbaijan,AZE,2008,11962.3473
Bahamas,BHS,2008,26763.67097
Bahrain,BHR,2008,43913.02961
Bangladesh,BGD,2008,1901.610353
Barbados,BRB,2008,19859.20653
Belarus,BLR,2008,14542.55849
Belgium,BEL,2008,39224.12344
Belize,BLZ,2008,7526.563655
Benin,BEN,2008,1785.193719
Bermuda,BMU,2008,61333.51803
Bhutan,BTN,2008,5999.345118
Bolivia,BOL,2008,4617.749959
Bosnia and Herzegovina,BIH,2008,8610.827939
Botswana,BWA,2008,12653.15964
Brazil,BRA,2008,11390.70528
British Virgin Islands,VGB,2008,31975.25852
Brunei,BRN,2008,84288.26944
Bulgaria,BGR,2008,14637.12553
Burkina Faso,BFA,2008,1247.774796
Burundi,BDI,2008,524.8285284
Cambodia,KHM,2008,2401.457323
Cameroon,CMR,2008,2367.930748
Canada,CAN,2008,42106.41941
Cape Verde,CPV,2008,5490.238355
Cayman Islands,CYM,2008,62253.76048
Central African Republic,CAF,2008,874.7378862
Chad,TCD,2008,1661.923747
Chile,CHL,2008,16438.04736
China,CHN,2008,8033.571438
Colombia,COL,2008,9631.376936
Comoros,COM,2008,1463.405592
Congo,COG,2008,3214.958373
Costa Rica,CRI,2008,11685.92414
Cote d'Ivoire,CIV,2008,2387.701451
Croatia,HRV,2008,21373.76606
Curacao,CUW,2008,29418.52713
Cyprus,CYP,2008,36179.37672
Czech Republic,CZE,2008,27947.77033
Democratic Republic of Congo,COD,2008,348.4351871
Denmark,DNK,2008,41976.41231
Djibouti,DJI,2008,2712.699276
Dominica,DMA,2008,10056.61427
Dominican Republic,DOM,2008,10041.50931
Ecuador,ECU,2008,8751.150169
Egypt,EGY,2008,7252.938268
El Salvador,SLV,2008,5005.374676
Equatorial Guinea,GNQ,2008,31964.47199
Estonia,EST,2008,23087.21784
Ethiopia,ETH,2008,840.5627648
Fiji,FJI,2008,6581.590642
Finland,FIN,2008,41016.30346
France,FRA,2008,36651.42497
Gabon,GAB,2008,16429.79049
Gambia,GMB,2008,1644.009617
Georgia,GEO,2008,6510.192572
Germany,DEU,2008,40394.82616
Ghana,GHA,2008,2590.623567
Greece,GRC,2008,32071.61139
Grenada,GRD,2008,11011.6186
Guatemala,GTM,2008,5902.558615
Guinea,GIN,2008,1179.790327
Guinea-Bissau,GNB,2008,1273.182258
Haiti,HTI,2008,1529.889891
Honduras,HND,2008,3952.041211
Hong Kong,HKG,2008,47816.63092
Hungary,HUN,2008,21508.50559
Iceland,ISL,2008,44072.16392
India,IND,2008,3462.540514
Indonesia,IDN,2008,5830.007924
Iran,IRN,2008,16318.95686
Iraq,IRQ,2008,6804.395551
Ireland,IRL,2008,45735.72326
Israel,ISR,2008,30362.86628
Italy,ITA,2008,36437.11498
Jamaica,JAM,2008,7238.981422
Japan,JPN,2008,34651.6083
Jordan,JOR,2008,8317.402296
Kazakhstan,KAZ,2008,16106.66158
Kenya,KEN,2008,2162.688437
Kuwait,KWT,2008,82579.29949
Kyrgyzstan,KGZ,2008,2702.196677
Laos,LAO,2008,3036.783508
Latvia,LVA,2008,20514.09439
Lebanon,LBN,2008,14206.60369
Lesotho,LSO,2008,2085.737511
Liberia,LBR,2008,617.5183427
Lithuania,LTU,2008,21159.1694
Luxembourg,LUX,2008,87724.00829
Macao,MAC,2008,64218.81499
Macedonia,MKD,2008,10509.9449
Madagascar,MDG,2008,552.2461786
Malawi,MWI,2008,1210.010285
Malaysia,MYS,2008,19543.35722
Maldives,MDV,2008,13758.81092
Mali,MLI,2008,1363.763607
Malta,MLT,2008,27487.26474
Mauritania,MRT,2008,2579.885823
Mauritius,MUS,2008,14549.66453
Mexico,MEX,2008,14731.35225
Moldova,MDA,2008,3201.993593
Mongolia,MNG,2008,6669.792351
Montenegro,MNE,2008,13003.00911
Montserrat,MSR,2008,18012.89316
Morocco,MAR,2008,5509.848569
Mozambique,MOZ,2008,989.719351
Myanmar,MMR,2008,2555.87492
Namibia,NAM,2008,8001.87448
Nepal,NPL,2008,1508.528064
Netherlands,NLD,2008,47064.91722
New Zealand,NZL,2008,30203.47488
Nicaragua,NIC,2008,3822.54196
Niger,NER,2008,752.6467082
Nigeria,NGA,2008,4451.642107
Norway,NOR,2008,61665.22289
Oman,OMN,2008,49638.24063
Pakistan,PAK,2008,3632.214216
Palestine,PSE,2008,3562.402914
Panama,PAN,2008,13007.58801
Paraguay,PRY,2008,5807.028056
Peru,PER,2008,8468.210465
Philippines,PHL,2008,4807.622107
Poland,POL,2008,18403.33156
Portugal,PRT,2008,26742.69659
Qatar,QAT,2008,133267.5835
Romania,ROU,2008,15874.00434
Russia,RUS,2008,19951.87704
Rwanda,RWA,2008,1149.906777
Saint Kitts and Nevis,KNA,2008,20289.5873
Saint Lucia,LCA,2008,9704.062987
Saint Vincent and the Grenadines,VCT,2008,9527.710615
Sao Tome and Principe,STP,2008,2259.203838
Saudi Arabia,SAU,2008,41310.77393
Senegal,SEN,2008,1968.818253
Serbia,SRB,2008,11619.70431
Seychelles,SYC,2008,19864.05059
Sierra Leone,SLE,2008,1158.455874
Singapore,SGP,2008,61048.63613
Sint Maarten (Dutch part),SXM,2008,38174.42267
Slovakia,SVK,2008,24575.95982
Slovenia,SVN,2008,30473.04907
South Africa,ZAF,2008,11436.30408
South Korea,KOR,2008,29981.56281
Spain,ESP,2008,35178.04935
Sri Lanka,LKA,2008,6121.04097
Sudan (former),,2008,2805.150357
Suriname,SUR,2008,11920.90615
Swaziland,SWZ,2008,7479.089924
Sweden,SWE,2008,42603.52881
Switzerland,CHE,2008,52301.70138
Syria,SYR,2008,5200.995505
Taiwan,TWN,2008,36785.93227
Tajikistan,TJK,2008,2221.740564
Tanzania,TZA,2008,1714.437974
Thailand,THA,2008,11437.02065
Togo,TGO,2008,1121.896615
Trinidad and Tobago,TTO,2008,34510.84382
Tunisia,TUN,2008,9907.439438
Turkey,TUR,2008,15317.37471
Turkmenistan,TKM,2008,11178.10965
Turks and Caicos Islands,TCA,2008,26970.2329
Uganda,UGA,2008,1475.974391
Ukraine,UKR,2008,9713.587411
United Arab Emirates,ARE,2008,79032.03296
United Kingdom,GBR,2008,39244.97347
United States,USA,2008,50439.48655
Uruguay,URY,2008,13402.7196
Uzbekistan,UZB,2008,5655.354753
Venezuela,VEN,2008,14910.44064
Vietnam,VNM,2008,3594.085156
Yemen,YEM,2008,3594.308729
Zambia,ZMB,2008,2484.404862
Zimbabwe,ZWE,2008,895.6154403
Albania,ALB,2007,7284.930004
Algeria,DZA,2007,12377.68199
Angola,AGO,2007,4724.783773
Anguilla,AIA,2007,39237.70735
Antigua and Barbuda,ATG,2007,21427.17927
Argentina,ARG,2007,16520.37878
Armenia,ARM,2007,6707.46606
Aruba,ABW,2007,44725.13554
Australia,AUS,2007,42021.78767
Austria,AUT,2007,41337.94266
Azerbaijan,AZE,2007,9192.574232
Bahamas,BHS,2007,28242.04974
Bahrain,BHR,2007,41697.60384
Bangladesh,BGD,2007,1761.853108
Barbados,BRB,2007,21232.83644
Belarus,BLR,2007,12752.24452
Belgium,BEL,2007,38446.331
Belize,BLZ,2007,7780.505955
Benin,BEN,2007,1750.663984
Bermuda,BMU,2007,57974.54006
Bhutan,BTN,2007,6251.545657
Bolivia,BOL,2007,4262.991449
Bosnia and Herzegovina,BIH,2007,8102.604122
Botswana,BWA,2007,13338.07244
Brazil,BRA,2007,10398.72522
British Virgin Islands,VGB,2007,33244.54797
Brunei,BRN,2007,74247.74496
Bulgaria,BGR,2007,13491.25764
Burkina Faso,BFA,2007,1235.654682
Burundi,BDI,2007,502.5547939
Cambodia,KHM,2007,2170.836972
Cameroon,CMR,2007,2403.669816
Canada,CAN,2007,41745.75207
Cape Verde,CPV,2007,5079.207831
Cayman Islands,CYM,2007,64232.72975
Central African Republic,CAF,2007,883.6557541
Chad,TCD,2007,1703.853472
Chile,CHL,2007,16873.11213
China,CHN,2007,7858.489686
Colombia,COL,2007,9043.824056
Comoros,COM,2007,1500.012904
Congo,COG,2007,2947.056689
Costa Rica,CRI,2007,11554.70943
Cote d'Ivoire,CIV,2007,2140.409569
Croatia,HRV,2007,20270.27667
Curacao,CUW,2007,29722.92662
Cyprus,CYP,2007,33741.98
Czech Republic,CZE,2007,28129.54268
Democratic Republic of Congo,COD,2007,337.2640838
Denmark,DNK,2007,40718.67933
Djibouti,DJI,2007,2575.093194
Dominica,DMA,2007,9380.656496
Dominican Republic,DOM,2007,10090.07313
Ecuador,ECU,2007,8016.708179
Egypt,EGY,2007,6552.692897
El Salvador,SLV,2007,4502.541609
Equatorial Guinea,GNQ,2007,21337.85792
Estonia,EST,2007,22772.16793
Ethiopia,ETH,2007,767.2013343
Fiji,FJI,2007,6469.859787
Finland,FIN,2007,39425.93636
France,FRA,2007,36306.7648
Gabon,GAB,2007,15934.53783
Gambia,GMB,2007,1630.476688
Georgia,GEO,2007,5948.689838
Germany,DEU,2007,39480.64001
Ghana,GHA,2007,2464.688237
Greece,GRC,2007,31022.87024
Grenada,GRD,2007,10636.14034
Guatemala,GTM,2007,5757.460553
Guinea,GIN,2007,1099.922601
Guinea-Bissau,GNB,2007,1278.553975
Haiti,HTI,2007,1595.775331
Honduras,HND,2007,3952.618306
Hong Kong,HKG,2007,47973.78462
Hungary,HUN,2007,20607.85813
Iceland,ISL,2007,44441.92802
India,IND,2007,3261.41677
Indonesia,IDN,2007,5109.467594
Iran,IRN,2007,16646.42465
Iraq,IRQ,2007,5866.863429
Ireland,IRL,2007,49726.41407
Israel,ISR,2007,30764.0573
Italy,ITA,2007,35671.63892
Jamaica,JAM,2007,7473.011145
Japan,JPN,2007,35470.29837
Jordan,JOR,2007,6742.784467
Kazakhstan,KAZ,2007,14058.29822
Kenya,KEN,2007,2143.351898
Kuwait,KWT,2007,77275.57457
Kyrgyzstan,KGZ,2007,2492.705907
Laos,LAO,2007,2795.622855
Latvia,LVA,2007,19888.49902
Lebanon,LBN,2007,13322.06161
Lesotho,LSO,2007,2019.911828
Liberia,LBR,2007,571.3583344
Lithuania,LTU,2007,19962.46032
Luxembourg,LUX,2007,86322.50062
Macao,MAC,2007,60647.35939
Macedonia,MKD,2007,9801.368983
Madagascar,MDG,2007,568.2576383
Malawi,MWI,2007,1185.819935
Malaysia,MYS,2007,17920.33871
Maldives,MDV,2007,13479.81085
Mali,MLI,2007,1302.526455
Malta,MLT,2007,26565.98347
Mauritania,MRT,2007,2800.544354
Mauritius,MUS,2007,14283.51033
Mexico,MEX,2007,14620.0915
Moldova,MDA,2007,2955.043842
Mongolia,MNG,2007,6597.756944
Montenegro,MNE,2007,12170.76647
Montserrat,MSR,2007,17726.25044
Morocco,MAR,2007,5008.168368
Mozambique,MOZ,2007,967.4934676
Myanmar,MMR,2007,2362.063082
Namibia,NAM,2007,7426.299213
Nepal,NPL,2007,1392.92041
Netherlands,NLD,2007,45493.01629
New Zealand,NZL,2007,31064.5582
Nicaragua,NIC,2007,3726.554347
Niger,NER,2007,716.7582798
Nigeria,NGA,2007,4446.351938
Norway,NOR,2007,57739.01329
Oman,OMN,2007,42525.1506
Pakistan,PAK,2007,3582.977272
Palestine,PSE,2007,3368.890456
Panama,PAN,2007,12120.75294
Paraguay,PRY,2007,5421.363273
Peru,PER,2007,8017.583327
Philippines,PHL,2007,4579.486159
Poland,POL,2007,17783.58718
Portugal,PRT,2007,26511.93535
Qatar,QAT,2007,121736.5167
Romania,ROU,2007,13606.20105
Russia,RUS,2007,18056.30154
Rwanda,RWA,2007,1034.006553
Saint Kitts and Nevis,KNA,2007,19010.61099
Saint Lucia,LCA,2007,9307.767702
Saint Vincent and the Grenadines,VCT,2007,8905.621967
Sao Tome and Principe,STP,2007,2201.62389
Saudi Arabia,SAU,2007,33545.77892
Senegal,SEN,2007,2003.119076
Serbia,SRB,2007,10593.56677
Seychelles,SYC,2007,21489.44239
Sierra Leone,SLE,2007,1121.15199
Singapore,SGP,2007,63690.18189
Sint Maarten (Dutch part),SXM,2007,37858.13412
Slovakia,SVK,2007,22742.36397
Slovenia,SVN,2007,29281.08505
South Africa,ZAF,2007,11421.52442
South Korea,KOR,2007,30238.90935
Spain,ESP,2007,34938.33812
Sri Lanka,LKA,2007,5756.224517
Sudan (former),,2007,2806.768944
Suriname,SUR,2007,11083.25325
Swaziland,SWZ,2007,7453.099102
Sweden,SWE,2007,42294.45714
Switzerland,CHE,2007,50069.97389
Syria,SYR,2007,5090.725542
Taiwan,TWN,2007,38696.41287
Tajikistan,TJK,2007,2229.941063
Tanzania,TZA,2007,1639.742521
Thailand,THA,2007,11105.44772
Togo,TGO,2007,1249.475293
Trinidad and Tobago,TTO,2007,29138.20653
Tunisia,TUN,2007,9461.785385
Turkey,TUR,2007,14568.27602
Turkmenistan,TKM,2007,11238.33826
Turks and Caicos Islands,TCA,2007,25562.44116
Uganda,UGA,2007,1408.277122
Ukraine,UKR,2007,9034.854357
United Arab Emirates,ARE,2007,83118.64091
United Kingdom,GBR,2007,40173.93105
United States,USA,2007,51734.35778
Uruguay,URY,2007,12029.40667
Uzbekistan,UZB,2007,5332.744884
Venezuela,VEN,2007,13169.29469
Vietnam,VNM,2007,3358.255344
Yemen,YEM,2007,3387.16407
Zambia,ZMB,2007,2441.872197
Zimbabwe,ZWE,2007,1232.455137
Albania,ALB,2006,6671.164199
Algeria,DZA,2006,12635.32936
Angola,AGO,2006,4494.814414
Anguilla,AIA,2006,33309.88567
Antigua and Barbuda,ATG,2006,19597.47191
Argentina,ARG,2006,15326.83983
Armenia,ARM,2006,5769.530213
Aruba,ABW,2006,42694.49797
Australia,AUS,2006,41032.48845
Austria,AUT,2006,39687.42276
Azerbaijan,AZE,2006,6722.515652
Bahamas,BHS,2006,27547.0041
Bahrain,BHR,2006,39729.10204
Bangladesh,BGD,2006,1596.933888
Barbados,BRB,2006,21131.91916
Belarus,BLR,2006,11643.7607
Belgium,BEL,2006,36785.43645
Belize,BLZ,2006,7705.529408
Benin,BEN,2006,1737.768635
Bermuda,BMU,2006,54024.26331
Bhutan,BTN,2006,5543.996065
Bolivia,BOL,2006,4113.044651
Bosnia and Herzegovina,BIH,2006,7420.106224
Botswana,BWA,2006,13244.64645
Brazil,BRA,2006,9461.151818
British Virgin Islands,VGB,2006,34199.44453
Brunei,BRN,2006,79376.96294
Bulgaria,BGR,2006,11816.63153
Burkina Faso,BFA,2006,1256.278205
Burundi,BDI,2006,525.6239309
Cambodia,KHM,2006,2026.33614
Cameroon,CMR,2006,2404.803172
Canada,CAN,2006,41210.32879
Cape Verde,CPV,2006,4473.063198
Cayman Islands,CYM,2006,64069.88746
Central African Republic,CAF,2006,866.8785422
Chad,TCD,2006,1684.299031
Chile,CHL,2006,15745.81264
China,CHN,2006,7125.512533
Colombia,COL,2006,8303.650983
Comoros,COM,2006,1576.117781
Congo,COG,2006,3501.344725
Costa Rica,CRI,2006,10963.3175
Cote d'Ivoire,CIV,2006,2143.139557
Croatia,HRV,2006,18167.20582
Curacao,CUW,2006,29813.88194
Cyprus,CYP,2006,31904.50162
Czech Republic,CZE,2006,25797.63731
Democratic Republic of Congo,COD,2006,385.1351482
Denmark,DNK,2006,39188.78784
Djibouti,DJI,2006,2674.750349
Dominica,DMA,2006,8861.479258
Dominican Republic,DOM,2006,9388.169651
Ecuador,ECU,2006,7757.793723
Egypt,EGY,2006,5887.237668
El Salvador,SLV,2006,3966.467216
Equatorial Guinea,GNQ,2006,18585.75152
Estonia,EST,2006,20041.03978
Ethiopia,ETH,2006,640.4882341
Fiji,FJI,2006,6462.490482
Finland,FIN,2006,36444.955
France,FRA,2006,34374.99271
Gabon,GAB,2006,16199.75318
Gambia,GMB,2006,1652.20436
Georgia,GEO,2006,5133.390692
Germany,DEU,2006,37397.69221
Ghana,GHA,2006,2386.784163
Greece,GRC,2006,29750.31586
Grenada,GRD,2006,9908.931922
Guatemala,GTM,2006,5447.444526
Guinea,GIN,2006,1075.270156
Guinea-Bissau,GNB,2006,1269.878348
Haiti,HTI,2006,1516.819834
Honduras,HND,2006,3795.028535
Hong Kong,HKG,2006,45320.83188
Hungary,HUN,2006,19931.62851
Iceland,ISL,2006,43333.63794
India,IND,2006,2953.531789
Indonesia,IDN,2006,4666.779753
Iran,IRN,2006,15067.64948
Iraq,IRQ,2006,5232.705049
Ireland,IRL,2006,45727.92247
Israel,ISR,2006,30198.15174
Italy,ITA,2006,33838.42904
Jamaica,JAM,2006,7141.989811
Japan,JPN,2006,34749.03634
Jordan,JOR,2006,6018.927368
Kazakhstan,KAZ,2006,12371.28576
Kenya,KEN,2006,2037.547213
Kuwait,KWT,2006,75615.22206
Kyrgyzstan,KGZ,2006,2227.06219
Laos,LAO,2006,2375.974151
Latvia,LVA,2006,17097.02996
Lebanon,LBN,2006,12317.2812
Lesotho,LSO,2006,1972.230011
Liberia,LBR,2006,556.3944059
Lithuania,LTU,2006,17554.12343
Luxembourg,LUX,2006,81339.35409
Macao,MAC,2006,52035.86313
Macedonia,MKD,2006,9053.211797
Madagascar,MDG,2006,658.3186483
Malawi,MWI,2006,1023.877627
Malaysia,MYS,2006,17000.03913
Maldives,MDV,2006,11910.56814
Mali,MLI,2006,1274.566798
Malta,MLT,2006,25288.3806
Mauritania,MRT,2006,2941.732153
Mauritius,MUS,2006,13180.94894
Mexico,MEX,2006,14200.00274
Moldova,MDA,2006,2790.209438
Mongolia,MNG,2006,5989.220264
Montenegro,MNE,2006,10669.20967
Montserrat,MSR,2006,17257.05924
Morocco,MAR,2006,4747.139401
Mozambique,MOZ,2006,949.329807
Myanmar,MMR,2006,2153.809033
Namibia,NAM,2006,7181.331141
Nepal,NPL,2006,1323.6809
Netherlands,NLD,2006,42651.9547
New Zealand,NZL,2006,29328.75309
Nicaragua,NIC,2006,3594.805262
Niger,NER,2006,718.206922
Nigeria,NGA,2006,3541.38606
Norway,NOR,2006,55072.32602
Oman,OMN,2006,39254.054
Pakistan,PAK,2006,3371.880991
Palestine,PSE,2006,3349.938873
Panama,PAN,2006,12609.74868
Paraguay,PRY,2006,5003.803689
Peru,PER,2006,7331.603146
Philippines,PHL,2006,4295.351042
Poland,POL,2006,16086.48711
Portugal,PRT,2006,25186.74062
Qatar,QAT,2006,118649.1822
Romania,ROU,2006,11753.71748
Russia,RUS,2006,15952.14638
Rwanda,RWA,2006,1084.658528
Saint Kitts and Nevis,KNA,2006,18215.91408
Saint Lucia,LCA,2006,8222.918249
Saint Vincent and the Grenadines,VCT,2006,8999.73489
Sao Tome and Principe,STP,2006,2226.854524
Saudi Arabia,SAU,2006,31159.2963
Senegal,SEN,2006,1935.861622
Serbia,SRB,2006,10023.10859
Seychelles,SYC,2006,20319.78462
Sierra Leone,SLE,2006,1091.45105
Singapore,SGP,2006,59682.6129
Sint Maarten (Dutch part),SXM,2006,36677.83362
Slovakia,SVK,2006,19928.09181
Slovenia,SVN,2006,27481.42934
South Africa,ZAF,2006,10938.19747
South Korea,KOR,2006,28867.00567
Spain,ESP,2006,32538.36124
Sri Lanka,LKA,2006,5309.444389
Sudan (former),,2006,2720.942587
Suriname,SUR,2006,10470.95897
Swaziland,SWZ,2006,7239.533128
Sweden,SWE,2006,39125.54248
Switzerland,CHE,2006,45993.09595
Syria,SYR,2006,4950.989267
Taiwan,TWN,2006,37097.62337
Tajikistan,TJK,2006,2196.753214
Tanzania,TZA,2006,1528.096185
Thailand,THA,2006,10202.77475
Togo,TGO,2006,1196.471204
Trinidad and Tobago,TTO,2006,26094.14004
Tunisia,TUN,2006,8984.790165
Turkey,TUR,2006,13646.41212
Turkmenistan,TKM,2006,10820.91502
Turks and Caicos Islands,TCA,2006,25081.15675
Uganda,UGA,2006,1355.554553
Ukraine,UKR,2006,7924.844576
United Arab Emirates,ARE,2006,89202.38535
United Kingdom,GBR,2006,39642.64368
United States,USA,2006,51373.80157
Uruguay,URY,2006,10913.80972
Uzbekistan,UZB,2006,4836.072896
Venezuela,VEN,2006,11726.6626
Vietnam,VNM,2006,3165.983443
Yemen,YEM,2006,3335.554737
Zambia,ZMB,2006,1831.353506
Zimbabwe,ZWE,2006,1178.910075
Albania,ALB,2005,6109.334434
Algeria,DZA,2005,11603.67222
Angola,AGO,2005,3695.131692
Anguilla,AIA,2005,28679.10475
Antigua and Barbuda,ATG,2005,17499.28087
Argentina,ARG,2005,14220.03814
Armenia,ARM,2005,5013.691673
Aruba,ABW,2005,42660.16402
Australia,AUS,2005,39913.88881
Austria,AUT,2005,37829.32186
Azerbaijan,AZE,2005,4636.457634
Bahamas,BHS,2005,27854.19828
Bahrain,BHR,2005,38159.00843
Bangladesh,BGD,2005,1469.305448
Barbados,BRB,2005,20950.99225
Belarus,BLR,2005,10416.1953
Belgium,BEL,2005,35862.61257
Belize,BLZ,2005,7524.688317
Benin,BEN,2005,1751.614718
Bermuda,BMU,2005,50115.0667
Bhutan,BTN,2005,5267.72139
Bolivia,BOL,2005,3764.491309
Bosnia and Herzegovina,BIH,2005,6619.013935
Botswana,BWA,2005,12668.11916
Brazil,BRA,2005,8762.811225
British Virgin Islands,VGB,2005,34888.08414
Brunei,BRN,2005,72366.3983
Bulgaria,BGR,2005,10815.43807
Burkina Faso,BFA,2005,1244.757507
Burundi,BDI,2005,568.1073063
Cambodia,KHM,2005,1899.878088
Cameroon,CMR,2005,2310.023461
Canada,CAN,2005,40656.33406
Cape Verde,CPV,2005,4091.444614
Cayman Islands,CYM,2005,63018.9049
Central African Republic,CAF,2005,851.8474965
Chad,TCD,2005,1864.509405
Chile,CHL,2005,13529.12272
China,CHN,2005,6400.315539
Colombia,COL,2005,7638.519797
Comoros,COM,2005,1501.765643
Congo,COG,2005,3205.738466
Costa Rica,CRI,2005,10407.20843
Cote d'Ivoire,CIV,2005,2070.137131
Croatia,HRV,2005,17015.11648
Curacao,CUW,2005,29921.49788
Cyprus,CYP,2005,30188.34034
Czech Republic,CZE,2005,24418.97363
Democratic Republic of Congo,COD,2005,585.3474557
Denmark,DNK,2005,36823.30559
Djibouti,DJI,2005,2561.349601
Dominica,DMA,2005,8232.120809
Dominican Republic,DOM,2005,8608.47038
Ecuador,ECU,2005,7242.968985
Egypt,EGY,2005,5363.273124
El Salvador,SLV,2005,3524.737472
Equatorial Guinea,GNQ,2005,18133.9642
Estonia,EST,2005,17870.93484
Ethiopia,ETH,2005,630.5445839
Fiji,FJI,2005,6218.296357
Finland,FIN,2005,35197.95445
France,FRA,2005,33378.53902
Gabon,GAB,2005,17526.38007
Gambia,GMB,2005,1724.882118
Georgia,GEO,2005,4447.172395
Germany,DEU,2005,35778.16867
Ghana,GHA,2005,2443.687002
Greece,GRC,2005,27497.64683
Grenada,GRD,2005,9953.805912
Guatemala,GTM,2005,5220.558996
Guinea,GIN,2005,1082.182599
Guinea-Bissau,GNB,2005,1334.930159
Haiti,HTI,2005,1527.962608
Honduras,HND,2005,3613.72045
Hong Kong,HKG,2005,43878.45334
Hungary,HUN,2005,19103.15814
Iceland,ISL,2005,42648.44198
India,IND,2005,2698.479899
Indonesia,IDN,2005,4272.286884
Iran,IRN,2005,14172.12851
Iraq,IRQ,2005,4472.435585
Ireland,IRL,2005,42546.71108
Israel,ISR,2005,29579.59776
Italy,ITA,2005,32515.82218
Jamaica,JAM,2005,6792.006395
Japan,JPN,2005,34359.41339
Jordan,JOR,2005,5361.296413
Kazakhstan,KAZ,2005,10254.84137
Kenya,KEN,2005,1893.225698
Kuwait,KWT,2005,65134.5777
Kyrgyzstan,KGZ,2005,2093.924356
Laos,LAO,2005,2149.752601
Latvia,LVA,2005,15073.90454
Lebanon,LBN,2005,12844.75612
Lesotho,LSO,2005,1930.457762
Liberia,LBR,2005,511.8254131
Lithuania,LTU,2005,16177.68247
Luxembourg,LUX,2005,73963.00989
Macao,MAC,2005,44782.83423
Macedonia,MKD,2005,8602.535599
Madagascar,MDG,2005,1038.990996
Malawi,MWI,2005,1004.441061
Malaysia,MYS,2005,16181.87751
Maldives,MDV,2005,9636.27373
Mali,MLI,2005,1171.519609
Malta,MLT,2005,24851.42205
Mauritania,MRT,2005,2245.887513
Mauritius,MUS,2005,12516.10457
Mexico,MEX,2005,13327.56978
Moldova,MDA,2005,2603.403385
Mongolia,MNG,2005,4942.61579
Montenegro,MNE,2005,9252.468212
Montserrat,MSR,2005,17729.80893
Morocco,MAR,2005,4340.157535
Mozambique,MOZ,2005,911.6858979
Myanmar,MMR,2005,1872.549413
Namibia,NAM,2005,6458.427947
Nepal,NPL,2005,1274.71318
Netherlands,NLD,2005,40451.03598
New Zealand,NZL,2005,28937.41857
Nicaragua,NIC,2005,3554.123949
Niger,NER,2005,706.6817943
Nigeria,NGA,2005,3450.930518
Norway,NOR,2005,50510.76826
Oman,OMN,2005,26821.62824
Pakistan,PAK,2005,3166.130441
Palestine,PSE,2005,3558.555683
Panama,PAN,2005,11728.82719
Paraguay,PRY,2005,4817.505994
Peru,PER,2005,6393.00745
Philippines,PHL,2005,4065.295009
Poland,POL,2005,15194.30693
Portugal,PRT,2005,24139.46309
Qatar,QAT,2005,102105.7654
Romania,ROU,2005,10192.07884
Russia,RUS,2005,14008.26612
Rwanda,RWA,2005,996.5367477
Saint Kitts and Nevis,KNA,2005,17380.27217
Saint Lucia,LCA,2005,9202.683275
Saint Vincent and the Grenadines,VCT,2005,8441.046099
Sao Tome and Principe,STP,2005,2173.200247
Saudi Arabia,SAU,2005,27532.74318
Senegal,SEN,2005,1930.410572
Serbia,SRB,2005,9187.856625
Seychelles,SYC,2005,18207.63984
Sierra Leone,SLE,2005,1070.651512
Singapore,SGP,2005,56589.55388
Sint Maarten (Dutch part),SXM,2005,34843.20465
Slovakia,SVK,2005,18166.5746
Slovenia,SVN,2005,26298.05263
South Africa,ZAF,2005,10293.80231
South Korea,KOR,2005,28119.19931
Spain,ESP,2005,30231.70335
Sri Lanka,LKA,2005,4896.340355
Sudan (former),,2005,2326.790601
Suriname,SUR,2005,9702.753699
Swaziland,SWZ,2005,7038.570492
Sweden,SWE,2005,36854.53269
Switzerland,CHE,2005,42919.14554
Syria,SYR,2005,5227.611056
Taiwan,TWN,2005,36125.77202
Tajikistan,TJK,2005,2142.087083
Tanzania,TZA,2005,1468.428227
Thailand,THA,2005,9415.046599
Togo,TGO,2005,1100.051753
Trinidad and Tobago,TTO,2005,22248.68269
Tunisia,TUN,2005,8515.566281
Turkey,TUR,2005,12443.33016
Turkmenistan,TKM,2005,9740.152474
Turks and Caicos Islands,TCA,2005,22227.93089
Uganda,UGA,2005,1296.274888
Ukraine,UKR,2005,7160.992277
United Arab Emirates,ARE,2005,88270.87372
United Kingdom,GBR,2005,38509.78306
United States,USA,2005,50512.41115
Uruguay,URY,2005,10253.57854
Uzbekistan,UZB,2005,4943.398637
Venezuela,VEN,2005,10127.46289
Vietnam,VNM,2005,2938.593775
Yemen,YEM,2005,3172.808371
Zambia,ZMB,2005,1567.86839
Zimbabwe,ZWE,2005,1334.186316
