Entity,Code,Year,Happiness
Finland,FIN,2016,7.659843445
Norway,NOR,2016,7.596331596
Denmark,DNK,2016,7.55778265
Netherlands,NLD,2016,7.540877342
Iceland,ISL,2016,7.510034561
Switzerland,CHE,2016,7.458519936
Sweden,SWE,2016,7.368744373
Australia,AUS,2016,7.250080109
Canada,CAN,2016,7.244845867
New Zealand,NZL,2016,7.225687981
Israel,ISR,2016,7.159010887
Costa Rica,CRI,2016,7.135617733
Austria,AUT,2016,7.048071861
Ireland,IRL,2016,7.04073143
Luxembourg,LUX,2016,6.967340946
Belgium,BEL,2016,6.948936462
Germany,DEU,2016,6.873763084
United Arab Emirates,ARE,2016,6.83095026
United Kingdom,GBR,2016,6.8242836
Mexico,MEX,2016,6.824172974
United States,USA,2016,6.803599834
Czech Republic,CZE,2016,6.735627174
Malta,MLT,2016,6.590842247
Chile,CHL,2016,6.579056263
Taiwan,TWN,2016,6.512850761
France,FRA,2016,6.475208759
Saudi Arabia,SAU,2016,6.473921299
Argentina,ARG,2016,6.427221298
Brazil,BRA,2016,6.374817371
Guatemala,GTM,2016,6.358916283
Spain,ESP,2016,6.318612099
Colombia,COL,2016,6.233715057
Uruguay,URY,2016,6.171485424
Bahrain,BHR,2016,6.169673443
Poland,POL,2016,6.162076473
El Salvador,SLV,2016,6.139824867
Panama,PAN,2016,6.117638111
Ecuador,ECU,2016,6.115437508
Thailand,THA,2016,6.07363987
Singapore,SGP,2016,6.033480644
Nicaragua,NIC,2016,6.012739658
Slovakia,SVK,2016,5.993163109
South Korea,KOR,2016,5.970564365
Romania,ROU,2016,5.96887064
Japan,JPN,2016,5.954650879
Italy,ITA,2016,5.95452404
Kuwait,KWT,2016,5.947194576
Latvia,LVA,2016,5.940446377
Slovenia,SVN,2016,5.936821461
Uzbekistan,UZB,2016,5.892539024
Turkmenistan,TKM,2016,5.887051582
Lithuania,LTU,2016,5.865552425
Russia,RUS,2016,5.85494566
Northern Cyprus,OWID_CYN,2016,5.827127934
Paraguay,PRY,2016,5.801380157
Cyprus,CYP,2016,5.794618607
Bolivia,BOL,2016,5.769723415
Kosovo,OWID_KOS,2016,5.759412289
Serbia,SRB,2016,5.752754688
Peru,PER,2016,5.700628757
Estonia,EST,2016,5.649675369
Honduras,HND,2016,5.648154736
Mauritius,MUS,2016,5.610003471
Moldova,MDA,2016,5.577784061
Pakistan,PAK,2016,5.548508167
Kazakhstan,KAZ,2016,5.533551693
Hong Kong,HKG,2016,5.498420715
Hungary,HUN,2016,5.448901653
Portugal,PRT,2016,5.446637154
Libya,LBY,2016,5.43358326
Philippines,PHL,2016,5.430832863
Algeria,DZA,2016,5.388170719
Morocco,MAR,2016,5.38630724
Macedonia,MKD,2016,5.34574604
Turkey,TUR,2016,5.326221943
China,CHN,2016,5.32495594
Montenegro,MNE,2016,5.304066181
Azerbaijan,AZE,2016,5.303894997
Greece,GRC,2016,5.302619457
Jordan,JOR,2016,5.27128458
Lebanon,LBN,2016,5.27072382
Dominican Republic,DOM,2016,5.238698483
Nigeria,NGA,2016,5.219567776
Bosnia and Herzegovina,BIH,2016,5.180865288
Belarus,BLR,2016,5.177899361
Indonesia,IDN,2016,5.136325359
Tajikistan,TJK,2016,5.103721142
Nepal,NPL,2016,5.099539757
Vietnam,VNM,2016,5.062267303
Mongolia,MNG,2016,5.056999683
Palestine,PSE,2016,4.906618118
Kyrgyzstan,KGZ,2016,4.856534004
Bulgaria,BGR,2016,4.837560654
Gabon,GAB,2016,4.831764221
Cameroon,CMR,2016,4.816232204
South Africa,ZAF,2016,4.769739628
Sierra Leone,SLE,2016,4.732953072
Somalia,SOM,2016,4.667941093
Iran,IRN,2016,4.652730942
Myanmar,MMR,2016,4.623119831
Senegal,SEN,2016,4.59453392
Egypt,EGY,2016,4.556740761
Bangladesh,BGD,2016,4.5561409
Cote d'Ivoire,CIV,2016,4.542545795
Democratic Republic of Congo,COD,2016,4.521935463
Tunisia,TUN,2016,4.521453381
Ghana,GHA,2016,4.514411449
Albania,ALB,2016,4.511100769
Mauritania,MRT,2016,4.472149372
Cambodia,KHM,2016,4.461259365
Georgia,GEO,2016,4.448386192
Iraq,IRQ,2016,4.412537098
Kenya,KEN,2016,4.396127701
Zambia,ZMB,2016,4.347543716
Armenia,ARM,2016,4.325471878
Ethiopia,ETH,2016,4.297848701
Niger,NER,2016,4.234645844
Uganda,UGA,2016,4.233261108
Afghanistan,AFG,2016,4.220168591
Burkina Faso,BFA,2016,4.205634594
India,IND,2016,4.179177284
Congo,COG,2016,4.119493484
Venezuela,VEN,2016,4.041114807
Chad,TCD,2016,4.029350281
Ukraine,UKR,2016,4.028690338
Mali,MLI,2016,4.016027927
Benin,BEN,2016,4.007357597
Togo,TGO,2016,3.878578424
Yemen,YEM,2016,3.825630903
Lesotho,LSO,2016,3.808204889
Zimbabwe,ZWE,2016,3.7354002
Madagascar,MDG,2016,3.663085938
Guinea,GIN,2016,3.602854729
Botswana,BWA,2016,3.498936653
Malawi,MWI,2016,3.476492643
Liberia,LBR,2016,3.354676008
Haiti,HTI,2016,3.352300167
Rwanda,RWA,2016,3.332989931
Tanzania,TZA,2016,2.90273428
South Sudan,SSD,2016,2.888112307
Central African Republic,CAF,2016,2.693061113
Norway,NOR,2015,7.603433609
Switzerland,CHE,2015,7.572136879
Denmark,DNK,2015,7.514424801
Iceland,ISL,2015,7.498070717
Finland,FIN,2015,7.447925568
New Zealand,NZL,2015,7.418120861
Canada,CAN,2015,7.412772655
Netherlands,NLD,2015,7.324437141
Australia,AUS,2015,7.309060574
Sweden,SWE,2015,7.28892231
Israel,ISR,2015,7.07941103
Austria,AUT,2015,7.07644701
Germany,DEU,2015,7.037137508
Belgium,BEL,2015,6.904219151
United States,USA,2015,6.863946915
Costa Rica,CRI,2015,6.854004383
Ireland,IRL,2015,6.830125332
Luxembourg,LUX,2015,6.701571465
Argentina,ARG,2015,6.69713068
Uruguay,URY,2015,6.628080368
Singapore,SGP,2015,6.619524956
Malta,MLT,2015,6.61339426
Czech Republic,CZE,2015,6.608017445
Panama,PAN,2015,6.605550289
United Arab Emirates,ARE,2015,6.568397522
Brazil,BRA,2015,6.546896935
Chile,CHL,2015,6.532749653
United Kingdom,GBR,2015,6.515445232
Guatemala,GTM,2015,6.464986801
Taiwan,TWN,2015,6.450088024
Colombia,COL,2015,6.387571812
Spain,ESP,2015,6.380663395
Qatar,QAT,2015,6.374529362
France,FRA,2015,6.357625008
Saudi Arabia,SAU,2015,6.345491886
Malaysia,MYS,2015,6.322121143
Mexico,MEX,2015,6.236287117
Thailand,THA,2015,6.201762676
Slovakia,SVK,2015,6.162004471
Kuwait,KWT,2015,6.146031857
El Salvador,SLV,2015,6.018496037
Moldova,MDA,2015,6.017472267
Bahrain,BHR,2015,6.00737524
Poland,POL,2015,6.007021904
Russia,RUS,2015,5.995538712
Uzbekistan,UZB,2015,5.972364426
Ecuador,ECU,2015,5.964075089
Kazakhstan,KAZ,2015,5.949995041
Nicaragua,NIC,2015,5.924112797
Latvia,LVA,2015,5.880597591
Japan,JPN,2015,5.879684448
Italy,ITA,2015,5.847683907
Northern Cyprus,OWID_CYN,2015,5.842550278
Bolivia,BOL,2015,5.834329128
Turkmenistan,TKM,2015,5.791460037
South Korea,KOR,2015,5.780211449
Romania,ROU,2015,5.777491093
Slovenia,SVN,2015,5.740642071
Belarus,BLR,2015,5.718907833
Lithuania,LTU,2015,5.711378098
Estonia,EST,2015,5.628908634
Greece,GRC,2015,5.622519016
Libya,LBY,2015,5.615404606
Peru,PER,2015,5.577263355
Venezuela,VEN,2015,5.568800449
Paraguay,PRY,2015,5.559724331
Philippines,PHL,2015,5.547489166
Turkey,TUR,2015,5.514465332
Cyprus,CYP,2015,5.439161301
Jordan,JOR,2015,5.404593468
Somalia,SOM,2015,5.353644848
Hungary,HUN,2015,5.34438324
Serbia,SRB,2015,5.317685127
China,CHN,2015,5.303877831
Croatia,HRV,2015,5.205438137
Lebanon,LBN,2015,5.171971321
Morocco,MAR,2015,5.163156986
Azerbaijan,AZE,2015,5.146774769
Tunisia,TUN,2015,5.131611824
Montenegro,MNE,2015,5.124921322
Tajikistan,TJK,2015,5.124210835
Bosnia and Herzegovina,BIH,2015,5.117177963
Bhutan,BTN,2015,5.082128525
Portugal,PRT,2015,5.080866337
Kosovo,OWID_KOS,2015,5.077460766
Vietnam,VNM,2015,5.076315403
Dominican Republic,DOM,2015,5.061862469
Indonesia,IDN,2015,5.04279995
Cameroon,CMR,2015,5.037964821
Mongolia,MNG,2015,4.982719898
Macedonia,MKD,2015,4.975589752
Nigeria,NGA,2015,4.932914734
Sierra Leone,SLE,2015,4.908617973
Kyrgyzstan,KGZ,2015,4.905375957
South Africa,ZAF,2015,4.887325764
Bulgaria,BGR,2015,4.865401268
Honduras,HND,2015,4.845436573
Zambia,ZMB,2015,4.843164444
Pakistan,PAK,2015,4.823194981
Nepal,NPL,2015,4.812436581
Egypt,EGY,2015,4.762538433
Iran,IRN,2015,4.749955654
Palestine,PSE,2015,4.695239067
Congo,COG,2015,4.690830231
Gabon,GAB,2015,4.66101265
Bangladesh,BGD,2015,4.633473873
Senegal,SEN,2015,4.61700058
Sri Lanka,LKA,2015,4.611606598
Albania,ALB,2015,4.606650829
Mali,MLI,2015,4.582098484
Ethiopia,ETH,2015,4.573154926
Mozambique,MOZ,2015,4.549767494
Iraq,IRQ,2015,4.493377209
Cote d'Ivoire,CIV,2015,4.445038795
Burkina Faso,BFA,2015,4.418930054
Kenya,KEN,2015,4.357617855
Armenia,ARM,2015,4.34831953
India,IND,2015,4.342079163
Chad,TCD,2015,4.322675228
Uganda,UGA,2015,4.237686634
Myanmar,MMR,2015,4.223846436
Cambodia,KHM,2015,4.162164688
Georgia,GEO,2015,4.121940613
South Sudan,SSD,2015,4.070771217
Ghana,GHA,2015,3.985916138
Afghanistan,AFG,2015,3.982854605
Ukraine,UKR,2015,3.964542866
Mauritania,MRT,2015,3.922664165
Democratic Republic of Congo,COD,2015,3.902741671
Malawi,MWI,2015,3.86763835
Togo,TGO,2015,3.768301964
Botswana,BWA,2015,3.761964798
Zimbabwe,ZWE,2015,3.70319128
Niger,NER,2015,3.671453714
Tanzania,TZA,2015,3.660597324
Benin,BEN,2015,3.624664307
Madagascar,MDG,2015,3.592514038
Haiti,HTI,2015,3.569762468
Guinea,GIN,2015,3.504693508
Rwanda,RWA,2015,3.483108997
Syria,SYR,2015,3.46191287
Yemen,YEM,2015,2.982673883
Liberia,LBR,2015,2.701591253
Denmark,DNK,2014,7.507559299
Switzerland,CHE,2014,7.492803574
Norway,NOR,2014,7.444470882
Israel,ISR,2014,7.400570393
Finland,FIN,2014,7.384571075
Netherlands,NLD,2014,7.32118845
New Zealand,NZL,2014,7.305892467
Canada,CAN,2014,7.30425787
Australia,AUS,2014,7.288550377
Costa Rica,CRI,2014,7.247086048
Sweden,SWE,2014,7.239147663
United States,USA,2014,7.151114464
Singapore,SGP,2014,7.062364578
Ireland,IRL,2014,7.018379211
Thailand,THA,2014,6.985463619
Germany,DEU,2014,6.984214306
Brazil,BRA,2014,6.980998993
Austria,AUT,2014,6.949999809
Luxembourg,LUX,2014,6.89112711
Belgium,BEL,2014,6.855329037
Chile,CHL,2014,6.844238281
United Kingdom,GBR,2014,6.758147717
Mexico,MEX,2014,6.679831028
Argentina,ARG,2014,6.671114445
Panama,PAN,2014,6.631171227
Uruguay,URY,2014,6.561443806
United Arab Emirates,ARE,2014,6.539854527
Guatemala,GTM,2014,6.536030769
Czech Republic,CZE,2014,6.483729839
France,FRA,2014,6.466867924
Spain,ESP,2014,6.456477642
Malta,MLT,2014,6.45211792
Colombia,COL,2014,6.44878912
Taiwan,TWN,2014,6.36349678
Algeria,DZA,2014,6.354898453
Saudi Arabia,SAU,2014,6.27837801
Nicaragua,NIC,2014,6.275266647
Kuwait,KWT,2014,6.180138588
Bahrain,BHR,2014,6.165133953
Slovakia,SVK,2014,6.1388731
Venezuela,VEN,2014,6.136096478
Lithuania,LTU,2014,6.125723839
Uzbekistan,UZB,2014,6.049212456
Russia,RUS,2014,6.036976814
Italy,ITA,2014,6.026585102
Kazakhstan,KAZ,2014,5.970097542
Malaysia,MYS,2014,5.962921619
Belize,BLZ,2014,5.955646515
Ecuador,ECU,2014,5.945851803
Japan,JPN,2014,5.922620773
Moldova,MDA,2014,5.917058468
Peru,PER,2014,5.865815639
Bolivia,BOL,2014,5.864798546
El Salvador,SLV,2014,5.856523514
Belarus,BLR,2014,5.812400818
South Korea,KOR,2014,5.801325321
Turkmenistan,TKM,2014,5.787379265
Northern Cyprus,OWID_CYN,2014,5.785978794
Poland,POL,2014,5.750282288
Latvia,LVA,2014,5.729115486
Romania,ROU,2014,5.726893425
Slovenia,SVN,2014,5.678395271
Mauritius,MUS,2014,5.647779942
Cyprus,CYP,2014,5.627123833
Indonesia,IDN,2014,5.597375393
Turkey,TUR,2014,5.579794407
Estonia,EST,2014,5.55598259
Somalia,SOM,2014,5.528272629
Hong Kong,HKG,2014,5.458050728
Pakistan,PAK,2014,5.435657978
Dominican Republic,DOM,2014,5.387331963
Croatia,HRV,2014,5.380692482
Jordan,JOR,2014,5.333021641
Philippines,PHL,2014,5.312550068
Jamaica,JAM,2014,5.310538769
Montenegro,MNE,2014,5.282720566
Kyrgyzstan,KGZ,2014,5.252192974
Azerbaijan,AZE,2014,5.25153017
Bosnia and Herzegovina,BIH,2014,5.248954296
Lebanon,LBN,2014,5.233025551
Macedonia,MKD,2014,5.203825951
China,CHN,2014,5.195619106
Hungary,HUN,2014,5.18056345
Portugal,PRT,2014,5.12691164
Paraguay,PRY,2014,5.118641853
Serbia,SRB,2014,5.112728596
Vietnam,VNM,2014,5.084923267
Honduras,HND,2014,5.055726051
Kosovo,OWID_KOS,2014,5.000375271
Nepal,NPL,2014,4.975014687
Bhutan,BTN,2014,4.938578129
Kenya,KEN,2014,4.904579639
Tajikistan,TJK,2014,4.896157742
Egypt,EGY,2014,4.885072708
South Africa,ZAF,2014,4.828456402
Mongolia,MNG,2014,4.824834824
Albania,ALB,2014,4.813763142
Myanmar,MMR,2014,4.786247253
Tunisia,TUN,2014,4.763594627
Greece,GRC,2014,4.75623703
Palestine,PSE,2014,4.721938133
Iran,IRN,2014,4.682224274
Bangladesh,BGD,2014,4.635564804
Namibia,NAM,2014,4.573991299
Liberia,LBR,2014,4.571419239
Malawi,MWI,2014,4.563080311
Iraq,IRQ,2014,4.541502476
Ethiopia,ETH,2014,4.506646633
Sierra Leone,SLE,2014,4.499970436
Mauritania,MRT,2014,4.482805252
Armenia,ARM,2014,4.453083038
Bulgaria,BGR,2014,4.438439846
India,IND,2014,4.424379349
Democratic Republic of Congo,COD,2014,4.414299965
Senegal,SEN,2014,4.394777298
Zambia,ZMB,2014,4.345837116
Ukraine,UKR,2014,4.297329903
Georgia,GEO,2014,4.287508011
Sri Lanka,LKA,2014,4.267932892
Cameroon,CMR,2014,4.240441322
Zimbabwe,ZWE,2014,4.184450626
Niger,NER,2014,4.180943489
Sudan,SDN,2014,4.138672829
Congo,COG,2014,4.05601263
Botswana,BWA,2014,4.031197071
Mali,MLI,2014,3.974714279
Yemen,YEM,2014,3.967957973
Gabon,GAB,2014,3.918073177
Haiti,HTI,2014,3.888778448
Cambodia,KHM,2014,3.88330555
Ghana,GHA,2014,3.860351086
South Sudan,SSD,2014,3.831992388
Angola,AGO,2014,3.794837952
Uganda,UGA,2014,3.769919157
Madagascar,MDG,2014,3.675626993
Rwanda,RWA,2014,3.595678329
Cote d'Ivoire,CIV,2014,3.570368528
Tanzania,TZA,2014,3.483278513
Burkina Faso,BFA,2014,3.481347799
Chad,TCD,2014,3.460182905
Guinea,GIN,2014,3.4124825
Benin,BEN,2014,3.347419262
Afghanistan,AFG,2014,3.130895615
Burundi,BDI,2014,2.904535055
Togo,TGO,2014,2.83895874
Canada,CAN,2013,7.593793869
Denmark,DNK,2013,7.588606834
Iceland,ISL,2013,7.501394272
Austria,AUT,2013,7.498802662
Finland,FIN,2013,7.444635868
Mexico,MEX,2013,7.442546368
Sweden,SWE,2013,7.434010506
Netherlands,NLD,2013,7.406550407
Australia,AUS,2013,7.364169121
Israel,ISR,2013,7.320563316
New Zealand,NZL,2013,7.280151844
United States,USA,2013,7.249285221
Costa Rica,CRI,2013,7.158000469
Brazil,BRA,2013,7.140282631
Luxembourg,LUX,2013,7.130809307
Belgium,BEL,2013,7.10366106
Germany,DEU,2013,6.965125084
United Kingdom,GBR,2013,6.918055058
Panama,PAN,2013,6.86648035
Ireland,IRL,2013,6.760085106
Chile,CHL,2013,6.74015379
Czech Republic,CZE,2013,6.697655678
Bahrain,BHR,2013,6.689711094
France,FRA,2013,6.66712141
United Arab Emirates,ARE,2013,6.620951176
Colombia,COL,2013,6.606550694
Argentina,ARG,2013,6.582260132
Venezuela,VEN,2013,6.552796364
Singapore,SGP,2013,6.53320694
Saudi Arabia,SAU,2013,6.495132923
Kuwait,KWT,2013,6.480031013
Uruguay,URY,2013,6.444464684
Malta,MLT,2013,6.379924774
Taiwan,TWN,2013,6.340344429
El Salvador,SLV,2013,6.325063229
Thailand,THA,2013,6.231024742
Trinidad and Tobago,TTO,2013,6.167706966
Spain,ESP,2013,6.150027275
Kosovo,OWID_KOS,2013,6.125758171
Ecuador,ECU,2013,6.019206047
Italy,ITA,2013,6.009373665
Guatemala,GTM,2013,5.984601498
Slovenia,SVN,2013,5.974888802
Japan,JPN,2013,5.959361553
South Korea,KOR,2013,5.958809853
Uzbekistan,UZB,2013,5.939986229
Slovakia,SVK,2013,5.936527252
Paraguay,PRY,2013,5.936240673
Croatia,HRV,2013,5.885462761
Belarus,BLR,2013,5.876466274
Kazakhstan,KAZ,2013,5.835483074
Peru,PER,2013,5.782557487
Nicaragua,NIC,2013,5.772274971
Malaysia,MYS,2013,5.770199776
Bolivia,BOL,2013,5.767428875
Moldova,MDA,2013,5.75605917
Poland,POL,2013,5.746131897
Jamaica,JAM,2013,5.708886623
Lithuania,LTU,2013,5.595689297
Bhutan,BTN,2013,5.569091797
Northern Cyprus,OWID_CYN,2013,5.566802502
Russia,RUS,2013,5.537177563
Azerbaijan,AZE,2013,5.481178284
Cyprus,CYP,2013,5.438952446
Kyrgyzstan,KGZ,2013,5.40242672
Turkmenistan,TKM,2013,5.391762733
Estonia,EST,2013,5.367445946
Indonesia,IDN,2013,5.292237759
Tunisia,TUN,2013,5.245604992
Zambia,ZMB,2013,5.243995667
China,CHN,2013,5.241090298
Macedonia,MKD,2013,5.186190605
Jordan,JOR,2013,5.171952724
Portugal,PRT,2013,5.157688141
Morocco,MAR,2013,5.142160416
Iran,IRN,2013,5.139579296
Pakistan,PAK,2013,5.138082504
Bosnia and Herzegovina,BIH,2013,5.123664379
Serbia,SRB,2013,5.101840496
Romania,ROU,2013,5.081584454
Montenegro,MNE,2013,5.074341774
Latvia,LVA,2013,5.069770336
Vietnam,VNM,2013,5.022698879
Dominican Republic,DOM,2013,5.015515327
Lebanon,LBN,2013,4.983288765
Philippines,PHL,2013,4.976925373
Tajikistan,TJK,2013,4.966521263
Ghana,GHA,2013,4.965053082
Hungary,HUN,2013,4.914466858
Mongolia,MNG,2013,4.912928104
Turkey,TUR,2013,4.888177395
Palestine,PSE,2013,4.844027996
Nigeria,NGA,2013,4.81786871
Iraq,IRQ,2013,4.725017071
Greece,GRC,2013,4.720251083
Honduras,HND,2013,4.713358402
Ukraine,UKR,2013,4.710802555
Zimbabwe,ZWE,2013,4.690187931
Bangladesh,BGD,2013,4.660161018
Haiti,HTI,2013,4.62196207
Nepal,NPL,2013,4.604576588
Albania,ALB,2013,4.550647736
Sierra Leone,SLE,2013,4.514291286
Democratic Republic of Congo,COD,2013,4.497477055
Ethiopia,ETH,2013,4.44482708
India,IND,2013,4.427788734
Sri Lanka,LKA,2013,4.364694118
Georgia,GEO,2013,4.348920822
Armenia,ARM,2013,4.277191162
Cameroon,CMR,2013,4.271038055
Yemen,YEM,2013,4.217678547
Mauritania,MRT,2013,4.199015141
Myanmar,MMR,2013,4.175670624
Botswana,BWA,2013,4.128298759
Malawi,MWI,2013,4.035084248
Bulgaria,BGR,2013,3.993020535
Congo,COG,2013,3.954950571
Angola,AGO,2013,3.937106848
Guinea,GIN,2013,3.901793003
Tanzania,TZA,2013,3.852394819
Madagascar,MDG,2013,3.815607071
Gabon,GAB,2013,3.800287008
Kenya,KEN,2013,3.795383215
Cote d'Ivoire,CIV,2013,3.739365578
Niger,NER,2013,3.716329813
Uganda,UGA,2013,3.709578753
Mali,MLI,2013,3.676277161
Cambodia,KHM,2013,3.674466848
South Africa,ZAF,2013,3.660727262
Senegal,SEN,2013,3.647367001
Afghanistan,AFG,2013,3.572100401
Egypt,EGY,2013,3.558520317
Chad,TCD,2013,3.507663012
Benin,BEN,2013,3.479412794
Rwanda,RWA,2013,3.466387749
Burkina Faso,BFA,2013,3.325949669
Syria,SYR,2013,2.687552929
Switzerland,CHE,2012,7.776208878
Norway,NOR,2012,7.678277016
Iceland,ISL,2012,7.590660095
Sweden,SWE,2012,7.560147762
Denmark,DNK,2012,7.519909382
Netherlands,NLD,2012,7.470715523
Finland,FIN,2012,7.420209408
Canada,CAN,2012,7.415144444
Austria,AUT,2012,7.400688648
Mexico,MEX,2012,7.320185184
Costa Rica,CRI,2012,7.272250175
New Zealand,NZL,2012,7.249629974
United Arab Emirates,ARE,2012,7.217766762
Australia,AUS,2012,7.195585728
Israel,ISR,2012,7.110854626
Venezuela,VEN,2012,7.066577435
United States,USA,2012,7.026226997
Ireland,IRL,2012,6.964645386
Luxembourg,LUX,2012,6.964097023
Belgium,BEL,2012,6.935122013
United Kingdom,GBR,2012,6.880784035
Panama,PAN,2012,6.859835625
Germany,DEU,2012,6.702362061
Brazil,BRA,2012,6.660003662
France,FRA,2012,6.649365425
Qatar,QAT,2012,6.611298561
Chile,CHL,2012,6.599128723
Argentina,ARG,2012,6.468387127
Uruguay,URY,2012,6.449728489
Saudi Arabia,SAU,2012,6.396359444
Colombia,COL,2012,6.374879837
Czech Republic,CZE,2012,6.334149361
Thailand,THA,2012,6.300235271
Spain,ESP,2012,6.290690422
Suriname,SUR,2012,6.269286633
Kuwait,KWT,2012,6.221094608
Cyprus,CYP,2012,6.180507183
Taiwan,TWN,2012,6.125916958
Slovenia,SVN,2012,6.062891006
Croatia,HRV,2012,6.027634621
Uzbekistan,UZB,2012,6.019331932
Bolivia,BOL,2012,6.018894672
South Korea,KOR,2012,6.003286839
Moldova,MDA,2012,5.995712757
Japan,JPN,2012,5.968216419
Malta,MLT,2012,5.962872028
Ecuador,ECU,2012,5.960716248
El Salvador,SLV,2012,5.934371471
Malaysia,MYS,2012,5.914283752
Slovakia,SVK,2012,5.91105938
Poland,POL,2012,5.87593174
Guatemala,GTM,2012,5.855717182
Italy,ITA,2012,5.839313984
Peru,PER,2012,5.824557304
Paraguay,PRY,2012,5.820058346
Lithuania,LTU,2012,5.771037102
Kazakhstan,KAZ,2012,5.759469509
Libya,LBY,2012,5.754394054
Belarus,BLR,2012,5.749043465
Kosovo,OWID_KOS,2012,5.639588356
Russia,RUS,2012,5.620735645
Algeria,DZA,2012,5.604595661
Vietnam,VNM,2012,5.53456974
Albania,ALB,2012,5.510124207
Nigeria,NGA,2012,5.492954254
Hong Kong,HKG,2012,5.483764648
Turkmenistan,TKM,2012,5.463827133
Northern Cyprus,OWID_CYN,2012,5.463305473
Nicaragua,NIC,2012,5.448006153
Indonesia,IDN,2012,5.36777401
Estonia,EST,2012,5.363927841
Turkey,TUR,2012,5.309076309
Montenegro,MNE,2012,5.218724251
Kyrgyzstan,KGZ,2012,5.207785606
Romania,ROU,2012,5.166874886
Serbia,SRB,2012,5.154521942
South Africa,ZAF,2012,5.133887768
Jordan,JOR,2012,5.131996155
Pakistan,PAK,2012,5.131565094
Latvia,LVA,2012,5.125025272
Greece,GRC,2012,5.096354008
China,CHN,2012,5.094917297
Somaliland region,,2012,5.057314396
Ghana,GHA,2012,5.057261944
Ukraine,UKR,2012,5.030342102
Bahrain,BHR,2012,5.027186871
Zambia,ZMB,2012,5.013374805
Philippines,PHL,2012,5.001965046
Portugal,PRT,2012,4.993962288
Morocco,MAR,2012,4.969656467
Zimbabwe,ZWE,2012,4.955100536
Azerbaijan,AZE,2012,4.910771847
Mongolia,MNG,2012,4.885150433
Laos,LAO,2012,4.876084805
Botswana,BWA,2012,4.835938931
Bosnia and Herzegovina,BIH,2012,4.773144722
Dominican Republic,DOM,2012,4.753311157
Bangladesh,BGD,2012,4.724443913
India,IND,2012,4.720146656
Hungary,HUN,2012,4.683358192
Mauritania,MRT,2012,4.673203945
Iraq,IRQ,2012,4.659508705
Palestine,PSE,2012,4.646608353
Macedonia,MKD,2012,4.639647484
Democratic Republic of Congo,COD,2012,4.63922739
Iran,IRN,2012,4.608927727
Honduras,HND,2012,4.602218151
Lebanon,LBN,2012,4.572566986
Ethiopia,ETH,2012,4.561168671
Sudan,SDN,2012,4.550499439
Kenya,KEN,2012,4.547335148
Tajikistan,TJK,2012,4.496571541
Tunisia,TUN,2012,4.463531017
Myanmar,MMR,2012,4.438939571
Haiti,HTI,2012,4.413475037
Angola,AGO,2012,4.360249996
Armenia,ARM,2012,4.319711685
Mali,MLI,2012,4.313016891
Uganda,UGA,2012,4.309237957
Malawi,MWI,2012,4.279269695
Georgia,GEO,2012,4.254445553
Cameroon,CMR,2012,4.244634151
Nepal,NPL,2012,4.233244896
Sri Lanka,LKA,2012,4.224593163
Bulgaria,BGR,2012,4.222297192
Egypt,EGY,2012,4.204156876
Yemen,YEM,2012,4.060600758
Chad,TCD,2012,4.03297472
Tanzania,TZA,2012,4.006897449
Gabon,GAB,2012,3.97205925
Comoros,COM,2012,3.955640316
Burkina Faso,BFA,2012,3.95500803
Congo,COG,2012,3.919341803
Cambodia,KHM,2012,3.898706913
Niger,NER,2012,3.798088312
Afghanistan,AFG,2012,3.782937527
Senegal,SEN,2012,3.668736935
Guinea,GIN,2012,3.651554823
Madagascar,MDG,2012,3.550609589
Rwanda,RWA,2012,3.333047867
Benin,BEN,2012,3.193468809
Syria,SYR,2012,3.164491177
Denmark,DNK,2011,7.78823185
Netherlands,NLD,2011,7.563797951
Austria,AUT,2011,7.470512867
Israel,ISR,2011,7.433147907
Canada,CAN,2011,7.426053524
Australia,AUS,2011,7.405616283
Sweden,SWE,2011,7.382232189
Finland,FIN,2011,7.354225159
Panama,PAN,2011,7.24808073
Costa Rica,CRI,2011,7.228888512
New Zealand,NZL,2011,7.190638065
United Arab Emirates,ARE,2011,7.118701458
United States,USA,2011,7.115138531
Belgium,BEL,2011,7.111363888
Luxembourg,LUX,2011,7.101400375
Brazil,BRA,2011,7.037816525
Ireland,IRL,2011,7.006904125
France,FRA,2011,6.959185123
South Korea,KOR,2011,6.946599007
Mexico,MEX,2011,6.909515381
United Kingdom,GBR,2011,6.869248867
Oman,OMN,2011,6.852982044
Argentina,ARG,2011,6.775805473
Saudi Arabia,SAU,2011,6.699789524
Cyprus,CYP,2011,6.689608574
Thailand,THA,2011,6.663609028
Germany,DEU,2011,6.621312141
Qatar,QAT,2011,6.591604233
Venezuela,VEN,2011,6.579789162
Singapore,SGP,2011,6.561041832
Uruguay,URY,2011,6.554047108
Chile,CHL,2011,6.526334763
Trinidad and Tobago,TTO,2011,6.518745899
Spain,ESP,2011,6.518249035
Colombia,COL,2011,6.463952541
Kuwait,KWT,2011,6.377699375
Czech Republic,CZE,2011,6.331490993
Taiwan,TWN,2011,6.308915138
Japan,JPN,2011,6.262793541
Malta,MLT,2011,6.154718399
Italy,ITA,2011,6.057086468
Slovenia,SVN,2011,6.035964012
Slovakia,SVK,2011,5.945048332
Peru,PER,2011,5.892457485
Albania,ALB,2011,5.867421627
Ecuador,ECU,2011,5.795088291
Moldova,MDA,2011,5.792262554
Turkmenistan,TKM,2011,5.791754723
Malaysia,MYS,2011,5.786367416
Bolivia,BOL,2011,5.778874397
Vietnam,VNM,2011,5.767344475
Guatemala,GTM,2011,5.743353844
Uzbekistan,UZB,2011,5.738744259
Kazakhstan,KAZ,2011,5.735662937
Paraguay,PRY,2011,5.677080631
Poland,POL,2011,5.646204948
Ghana,GHA,2011,5.608199596
Angola,AGO,2011,5.589000702
Jordan,JOR,2011,5.539327621
Estonia,EST,2011,5.486819744
Mauritius,MUS,2011,5.477073193
Hong Kong,HKG,2011,5.474010944
Lithuania,LTU,2011,5.43243742
Dominican Republic,DOM,2011,5.396535397
Russia,RUS,2011,5.388766289
Nicaragua,NIC,2011,5.385705471
Croatia,HRV,2011,5.385372639
Jamaica,JAM,2011,5.374446392
Greece,GRC,2011,5.372039795
Algeria,DZA,2011,5.317194462
Turkey,TUR,2011,5.271944046
Pakistan,PAK,2011,5.267186165
Belarus,BLR,2011,5.225307941
Montenegro,MNE,2011,5.223116875
Portugal,PRT,2011,5.219997883
Lebanon,LBN,2011,5.187571526
Indonesia,IDN,2011,5.172608376
Morocco,MAR,2011,5.084972858
Ukraine,UKR,2011,5.083132744
China,CHN,2011,5.037207603
Mongolia,MNG,2011,5.031173706
Romania,ROU,2011,5.02275753
Zambia,ZMB,2011,4.99911356
Bosnia and Herzegovina,BIH,2011,4.994670868
Philippines,PHL,2011,4.993956566
Bangladesh,BGD,2011,4.985649109
Mozambique,MOZ,2011,4.971111774
Latvia,LVA,2011,4.966811657
Honduras,HND,2011,4.961031437
Somaliland region,,2011,4.930571556
South Africa,ZAF,2011,4.930511475
Kyrgyzstan,KGZ,2011,4.921049118
Hungary,HUN,2011,4.917602539
Macedonia,MKD,2011,4.898180008
Lesotho,LSO,2011,4.89751482
Tunisia,TUN,2011,4.87648201
Swaziland,SWZ,2011,4.867091179
Kosovo,OWID_KOS,2011,4.859501839
Zimbabwe,ZWE,2011,4.845641613
Haiti,HTI,2011,4.844573975
Uganda,UGA,2011,4.826001167
Bahrain,BHR,2011,4.82397604
Serbia,SRB,2011,4.815186501
Burkina Faso,BFA,2011,4.785367489
Mauritania,MRT,2011,4.784804344
Iran,IRN,2011,4.767507076
Palestine,PSE,2011,4.751219749
El Salvador,SLV,2011,4.741294861
Iraq,IRQ,2011,4.725366116
Laos,LAO,2011,4.703749657
Azerbaijan,AZE,2011,4.680469513
Mali,MLI,2011,4.666832924
India,IND,2011,4.634871483
Niger,NER,2011,4.555829525
Democratic Republic of Congo,COD,2011,4.516963959
Congo,COG,2011,4.509824276
Sierra Leone,SLE,2011,4.501643658
Cameroon,CMR,2011,4.433885098
Kenya,KEN,2011,4.405310154
Chad,TCD,2011,4.393482208
Madagascar,MDG,2011,4.381415367
Djibouti,DJI,2011,4.369193554
Sudan,SDN,2011,4.314456463
Tajikistan,TJK,2011,4.262671471
Armenia,ARM,2011,4.260491371
Gabon,GAB,2011,4.255400658
Georgia,GEO,2011,4.203030586
Sri Lanka,LKA,2011,4.180569172
Egypt,EGY,2011,4.174158573
Cambodia,KHM,2011,4.161225319
Rwanda,RWA,2011,4.097435951
Tanzania,TZA,2011,4.073562145
Guinea,GIN,2011,4.044569492
Syria,SYR,2011,4.037889481
Malawi,MWI,2011,3.946062565
Bulgaria,BGR,2011,3.875382423
Benin,BEN,2011,3.870279551
Comoros,COM,2011,3.838485956
Senegal,SEN,2011,3.834201574
Afghanistan,AFG,2011,3.83171916
Nepal,NPL,2011,3.809444666
Yemen,YEM,2011,3.746255636
Burundi,BDI,2011,3.705894232
Central African Republic,CAF,2011,3.677826405
Botswana,BWA,2011,3.519921064
Togo,TGO,2011,2.936220884
Denmark,DNK,2010,7.770515442
Canada,CAN,2010,7.650346279
Netherlands,NLD,2010,7.501875877
Sweden,SWE,2010,7.496018887
Venezuela,VEN,2010,7.47845459
Australia,AUS,2010,7.450047016
Finland,FIN,2010,7.393264294
Israel,ISR,2010,7.358916283
Panama,PAN,2010,7.3214674
Austria,AUT,2010,7.302678585
Costa Rica,CRI,2010,7.271053791
Ireland,IRL,2010,7.257389545
New Zealand,NZL,2010,7.223756313
United States,USA,2010,7.16361618
United Arab Emirates,ARE,2010,7.097455502
Luxembourg,LUX,2010,7.097251892
United Kingdom,GBR,2010,7.029364109
Belgium,BEL,2010,6.853514194
Qatar,QAT,2010,6.849652767
Brazil,BRA,2010,6.837331295
Mexico,MEX,2010,6.802388668
Kuwait,KWT,2010,6.798151016
France,FRA,2010,6.797901154
El Salvador,SLV,2010,6.739911079
Germany,DEU,2010,6.724531174
Chile,CHL,2010,6.63565588
Singapore,SGP,2010,6.531401634
Argentina,ARG,2010,6.441067219
Colombia,COL,2010,6.40811348
Cyprus,CYP,2010,6.386546135
Italy,ITA,2010,6.354238033
Saudi Arabia,SAU,2010,6.307098389
Guatemala,GTM,2010,6.289748669
Czech Republic,CZE,2010,6.249617577
Taiwan,TWN,2010,6.228530884
Thailand,THA,2010,6.216702938
Spain,ESP,2010,6.188262463
South Korea,KOR,2010,6.116024494
Slovenia,SVN,2010,6.082555294
Uruguay,URY,2010,6.062010765
Japan,JPN,2010,6.056752682
Slovakia,SVK,2010,6.052223206
Bahrain,BHR,2010,5.936869144
Poland,POL,2010,5.887029648
Honduras,HND,2010,5.866131306
Paraguay,PRY,2010,5.841174126
Greece,GRC,2010,5.839558601
Ecuador,ECU,2010,5.838051319
Pakistan,PAK,2010,5.786132813
Bolivia,BOL,2010,5.780620098
Malta,MLT,2010,5.77387476
Nicaragua,NIC,2010,5.68669939
Hong Kong,HKG,2010,5.642834663
Peru,PER,2010,5.612785339
Croatia,HRV,2010,5.595575333
Moldova,MDA,2010,5.589736462
Malaysia,MYS,2010,5.580281734
Jordan,JOR,2010,5.569942474
Belarus,BLR,2010,5.525923252
Kazakhstan,KAZ,2010,5.514286518
Turkey,TUR,2010,5.490347385
Algeria,DZA,2010,5.46356678
Indonesia,IDN,2010,5.457299232
Montenegro,MNE,2010,5.455030441
Russia,RUS,2010,5.384773254
Vietnam,VNM,2010,5.295780659
Albania,ALB,2010,5.268936634
Kosovo,OWID_KOS,2010,5.17660141
Tunisia,TUN,2010,5.130520821
Uzbekistan,UZB,2010,5.095342159
Portugal,PRT,2010,5.094525814
Lithuania,LTU,2010,5.065824986
Iraq,IRQ,2010,5.065462112
Ukraine,UKR,2010,5.057561398
Lebanon,LBN,2010,5.031899452
Djibouti,DJI,2010,5.005810738
Kyrgyzstan,KGZ,2010,4.996410847
India,IND,2010,4.989277363
Philippines,PHL,2010,4.941514015
Romania,ROU,2010,4.909165859
Bangladesh,BGD,2010,4.858481407
Mauritania,MRT,2010,4.772306919
Nigeria,NGA,2010,4.760275841
Afghanistan,AFG,2010,4.75838089
Dominican Republic,DOM,2010,4.735021114
Hungary,HUN,2010,4.725132465
Palestine,PSE,2010,4.702603817
Zimbabwe,ZWE,2010,4.681569576
Egypt,EGY,2010,4.668916225
Bosnia and Herzegovina,BIH,2010,4.66851759
Somaliland region,,2010,4.657363415
China,CHN,2010,4.652736664
South Africa,ZAF,2010,4.652428627
Ghana,GHA,2010,4.606251717
Mongolia,MNG,2010,4.585523605
Cameroon,CMR,2010,4.554256916
Syria,SYR,2010,4.464707851
Serbia,SRB,2010,4.461304188
Sudan,SDN,2010,4.435159683
Morocco,MAR,2010,4.383247375
Tajikistan,TJK,2010,4.380636215
Senegal,SEN,2010,4.372156143
Armenia,ARM,2010,4.367811203
Yemen,YEM,2010,4.35031271
Nepal,NPL,2010,4.349675179
Kenya,KEN,2010,4.255859375
Azerbaijan,AZE,2010,4.218610764
Liberia,LBR,2010,4.196063042
Uganda,UGA,2010,4.192882061
Macedonia,MKD,2010,4.180202007
Cambodia,KHM,2010,4.141072273
Sierra Leone,SLE,2010,4.133955956
Georgia,GEO,2010,4.101837158
Niger,NER,2010,4.101016045
Burkina Faso,BFA,2010,4.035560608
Sri Lanka,LKA,2010,3.976905107
Bulgaria,BGR,2010,3.912276268
Comoros,COM,2010,3.81219101
Haiti,HTI,2010,3.76599884
Mali,MLI,2010,3.762305021
Chad,TCD,2010,3.742871046
Central African Republic,CAF,2010,3.567892551
Botswana,BWA,2010,3.553020239
Tanzania,TZA,2010,3.229129076
Denmark,DNK,2009,7.683358669
Costa Rica,CRI,2009,7.614928722
Switzerland,CHE,2009,7.524520874
Canada,CAN,2009,7.48782444
Israel,ISR,2009,7.352979183
Sweden,SWE,2009,7.265977383
Venezuela,VEN,2009,7.188803196
United States,USA,2009,7.158032417
Ireland,IRL,2009,7.045911312
Panama,PAN,2009,7.033740044
Brazil,BRA,2009,7.000831604
Mexico,MEX,2009,6.962819099
Luxembourg,LUX,2009,6.957920074
United Kingdom,GBR,2009,6.90654707
United Arab Emirates,ARE,2009,6.866062641
El Salvador,SLV,2009,6.839087009
Cyprus,CYP,2009,6.833477497
Germany,DEU,2009,6.64149332
Kuwait,KWT,2009,6.585246086
Turkmenistan,TKM,2009,6.567713261
Chile,CHL,2009,6.493686199
Guatemala,GTM,2009,6.451916218
Argentina,ARG,2009,6.424133301
Qatar,QAT,2009,6.417824268
Italy,ITA,2009,6.333800316
Malta,MLT,2009,6.32763958
Uruguay,URY,2009,6.296222687
France,FRA,2009,6.283498287
Colombia,COL,2009,6.271604538
Spain,ESP,2009,6.198601246
Saudi Arabia,SAU,2009,6.14759016
Singapore,SGP,2009,6.144676685
Bolivia,BOL,2009,6.085579395
Greece,GRC,2009,6.038574696
Honduras,HND,2009,6.033189297
Ecuador,ECU,2009,6.021803379
Jordan,JOR,2009,5.999859333
Kosovo,OWID_KOS,2009,5.891432762
Japan,JPN,2009,5.844999313
Slovenia,SVN,2009,5.830160618
Poland,POL,2009,5.772027493
Bahrain,BHR,2009,5.700523376
South Korea,KOR,2009,5.647689819
Paraguay,PRY,2009,5.576147079
Belarus,BLR,2009,5.56413126
Moldova,MDA,2009,5.554374218
Peru,PER,2009,5.518846989
Albania,ALB,2009,5.485469818
Thailand,THA,2009,5.475645065
Indonesia,IDN,2009,5.472361088
Lithuania,LTU,2009,5.466920853
Croatia,HRV,2009,5.433319569
Dominican Republic,DOM,2009,5.431613922
Hong Kong,HKG,2009,5.397055626
Malaysia,MYS,2009,5.384701729
Kazakhstan,KAZ,2009,5.382563114
Romania,ROU,2009,5.367565155
Nicaragua,NIC,2009,5.352804661
Vietnam,VNM,2009,5.304264545
Uzbekistan,UZB,2009,5.26072073
Zambia,ZMB,2009,5.260360718
South Africa,ZAF,2009,5.218430996
Turkey,TUR,2009,5.212841511
Pakistan,PAK,2009,5.208146572
Lebanon,LBN,2009,5.205998898
Ukraine,UKR,2009,5.1656394
Russia,RUS,2009,5.158227921
Malawi,MWI,2009,5.148239613
Estonia,EST,2009,5.137738705
Bangladesh,BGD,2009,5.08285141
Kyrgyzstan,KGZ,2009,5.06905365
Egypt,EGY,2009,5.066164494
Tunisia,TUN,2009,5.025470257
Somaliland region,,2009,4.991399765
Nigeria,NGA,2009,4.980220318
Syria,SYR,2009,4.978970528
Bosnia and Herzegovina,BIH,2009,4.963477135
Nepal,NPL,2009,4.91686821
Djibouti,DJI,2009,4.905925274
Hungary,HUN,2009,4.894600391
Philippines,PHL,2009,4.879910946
Yemen,YEM,2009,4.809258938
Montenegro,MNE,2009,4.8010602
Iraq,IRQ,2009,4.775316715
Cameroon,CMR,2009,4.741408348
Latvia,LVA,2009,4.668910503
Uganda,UGA,2009,4.611985683
Tajikistan,TJK,2009,4.575174809
Azerbaijan,AZE,2009,4.573725224
India,IND,2009,4.521517754
Mauritania,MRT,2009,4.500431538
Palestine,PSE,2009,4.470191479
Sudan,SDN,2009,4.454917431
China,CHN,2009,4.454360962
Macedonia,MKD,2009,4.428021908
Afghanistan,AFG,2009,4.401778221
Serbia,SRB,2009,4.380311966
Senegal,SEN,2009,4.335114002
Kenya,KEN,2009,4.270434856
Niger,NER,2009,4.267169952
Sri Lanka,LKA,2009,4.212026596
Ghana,GHA,2009,4.197695732
Cote d'Ivoire,CIV,2009,4.197181702
Armenia,ARM,2009,4.177581787
Cambodia,KHM,2009,4.110625744
Zimbabwe,ZWE,2009,4.055914402
Rwanda,RWA,2009,4.029761791
Democratic Republic of Congo,COD,2009,3.983848572
Mali,MLI,2009,3.976598501
Georgia,GEO,2009,3.800639153
Burundi,BDI,2009,3.791680813
Chad,TCD,2009,3.639445066
Comoros,COM,2009,3.47602725
Tanzania,TZA,2009,3.407507896
Denmark,DNK,2008,7.970891953
Finland,FIN,2008,7.67062664
Norway,NOR,2008,7.632287502
Netherlands,NLD,2008,7.631011963
Ireland,IRL,2008,7.568029881
Sweden,SWE,2008,7.51599741
Canada,CAN,2008,7.485603809
New Zealand,NZL,2008,7.38117075
Spain,ESP,2008,7.294472694
United States,USA,2008,7.280385971
Israel,ISR,2008,7.261261463
Australia,AUS,2008,7.253757477
Austria,AUT,2008,7.180953979
Belgium,BEL,2008,7.116590977
France,FRA,2008,7.008064747
United Kingdom,GBR,2008,6.986463547
Panama,PAN,2008,6.930903435
Iceland,ISL,2008,6.888284206
Costa Rica,CRI,2008,6.850679874
Mexico,MEX,2008,6.829036236
Saudi Arabia,SAU,2008,6.811370373
Italy,ITA,2008,6.779774189
Trinidad and Tobago,TTO,2008,6.696444035
Brazil,BRA,2008,6.691424847
Singapore,SGP,2008,6.641956806
Germany,DEU,2008,6.521790028
Guatemala,GTM,2008,6.414494514
Venezuela,VEN,2008,6.257771492
Colombia,COL,2008,6.168395042
Argentina,ARG,2008,5.961034298
Japan,JPN,2008,5.91067934
Kazakhstan,KAZ,2008,5.886419773
Malaysia,MYS,2008,5.806781769
Chile,CHL,2008,5.789438725
Portugal,PRT,2008,5.716966629
Uruguay,URY,2008,5.663869858
Thailand,THA,2008,5.636471272
Russia,RUS,2008,5.61875391
Paraguay,PRY,2008,5.570061684
Lithuania,LTU,2008,5.553925991
Taiwan,TWN,2008,5.547682285
Kosovo,OWID_KOS,2008,5.521659851
Moldova,MDA,2008,5.502756119
Vietnam,VNM,2008,5.480425358
Belarus,BLR,2008,5.463332176
Estonia,EST,2008,5.451937675
Botswana,BWA,2008,5.451147079
Honduras,HND,2008,5.420331001
South Korea,KOR,2008,5.389624596
South Africa,ZAF,2008,5.346306801
Syria,SYR,2008,5.32333231
Uzbekistan,UZB,2008,5.311368465
Bolivia,BOL,2008,5.297872543
Ecuador,ECU,2008,5.296513081
El Salvador,SLV,2008,5.191493988
Ukraine,UKR,2008,5.172380447
India,IND,2008,5.145833015
Latvia,LVA,2008,5.145375252
Hong Kong,HKG,2008,5.137261868
Peru,PER,2008,5.129230976
Iran,IRN,2008,5.128988266
Turkey,TUR,2008,5.118231773
Nicaragua,NIC,2008,5.103827477
Tajikistan,TJK,2008,5.063986778
Bangladesh,BGD,2008,5.052278519
Laos,LAO,2008,5.044098854
Djibouti,DJI,2008,5.009330273
Ghana,GHA,2008,4.965134621
Nigeria,NGA,2008,4.938560486
Jordan,JOR,2008,4.930058002
China,CHN,2008,4.84629488
Dominican Republic,DOM,2008,4.84230566
Azerbaijan,AZE,2008,4.817189217
Indonesia,IDN,2008,4.815309525
Kyrgyzstan,KGZ,2008,4.736588001
Zambia,ZMB,2008,4.730263233
Senegal,SEN,2008,4.683499813
Mozambique,MOZ,2008,4.65358305
Armenia,ARM,2008,4.651972294
Madagascar,MDG,2008,4.640079021
Chad,TCD,2008,4.632468224
Egypt,EGY,2008,4.631741047
Lebanon,LBN,2008,4.594851017
Iraq,IRQ,2008,4.589844704
Philippines,PHL,2008,4.589065075
Uganda,UGA,2008,4.568619251
Mongolia,MNG,2008,4.493010044
Cambodia,KHM,2008,4.462163925
Nepal,NPL,2008,4.440526485
Sri Lanka,LKA,2008,4.430846214
Pakistan,PAK,2008,4.413918972
Palestine,PSE,2008,4.385603428
Tanzania,TZA,2008,4.384741783
Rwanda,RWA,2008,4.362988949
Cameroon,CMR,2008,4.291800499
Mauritania,MRT,2008,4.248075008
Niger,NER,2008,4.235657215
Liberia,LBR,2008,4.221354008
Georgia,GEO,2008,4.15609026
Mali,MLI,2008,4.114664078
Kenya,KEN,2008,4.015274525
Burkina Faso,BFA,2008,3.846438885
Haiti,HTI,2008,3.846329212
Congo,COG,2008,3.819792271
Afghanistan,AFG,2008,3.723589897
Benin,BEN,2008,3.66713953
Burundi,BDI,2008,3.563227654
Zimbabwe,ZWE,2008,3.174263716
Sierra Leone,SLE,2008,2.997251034
Togo,TGO,2008,2.807855129
Denmark,DNK,2007,7.834233284
New Zealand,NZL,2007,7.604173183
United States,USA,2007,7.512687683
Canada,CAN,2007,7.481752872
Netherlands,NLD,2007,7.451879501
Costa Rica,CRI,2007,7.432132244
Australia,AUS,2007,7.285390854
Saudi Arabia,SAU,2007,7.266694069
Sweden,SWE,2007,7.241362572
Belgium,BEL,2007,7.218839645
Spain,ESP,2007,6.994614601
Panama,PAN,2007,6.894139767
Israel,ISR,2007,6.841114998
Singapore,SGP,2007,6.833754539
United Kingdom,GBR,2007,6.801930904
Greece,GRC,2007,6.646961212
Italy,ITA,2007,6.574412346
Mexico,MEX,2007,6.525378227
Czech Republic,CZE,2007,6.500194073
Belize,BLZ,2007,6.450644493
Germany,DEU,2007,6.416819572
Guatemala,GTM,2007,6.329581261
Brazil,BRA,2007,6.320672989
Malaysia,MYS,2007,6.238904476
Japan,JPN,2007,6.238197803
Colombia,COL,2007,6.138411522
Argentina,ARG,2007,6.073158264
Guyana,GUY,2007,5.992826462
Poland,POL,2007,5.886137486
Croatia,HRV,2007,5.820907593
Lithuania,LTU,2007,5.80828476
Thailand,THA,2007,5.783891201
South Korea,KOR,2007,5.76727581
Kazakhstan,KAZ,2007,5.718553543
Chile,CHL,2007,5.697929859
Uruguay,URY,2007,5.693945885
Pakistan,PAK,2007,5.671460629
Bolivia,BOL,2007,5.628419399
Turkey,TUR,2007,5.623471737
Belarus,BLR,2007,5.616976261
Jordan,JOR,2007,5.59805727
Egypt,EGY,2007,5.540510654
Vietnam,VNM,2007,5.421687603
Romania,ROU,2007,5.393723965
Laos,LAO,2007,5.363854885
Iran,IRN,2007,5.336371422
Estonia,EST,2007,5.332044125
El Salvador,SLV,2007,5.295535088
Paraguay,PRY,2007,5.272461414
Ukraine,UKR,2007,5.25218153
Russia,RUS,2007,5.222867489
Ghana,GHA,2007,5.220148087
Peru,PER,2007,5.213962078
South Africa,ZAF,2007,5.204454422
Montenegro,MNE,2007,5.196315289
Kosovo,OWID_KOS,2007,5.103906155
Indonesia,IDN,2007,5.101213932
Honduras,HND,2007,5.09715414
Dominican Republic,DOM,2007,5.081305981
Philippines,PHL,2007,5.073562145
India,IND,2007,5.02679348
Ecuador,ECU,2007,4.995875359
Hungary,HUN,2007,4.953917027
Nicaragua,NIC,2007,4.944090843
Bosnia and Herzegovina,BIH,2007,4.899806976
Malawi,MWI,2007,4.89103651
Nigeria,NGA,2007,4.890419483
Namibia,NAM,2007,4.885587215
Armenia,ARM,2007,4.881515503
China,CHN,2007,4.86286211
Mozambique,MOZ,2007,4.832634926
Moldova,MDA,2007,4.774918079
Serbia,SRB,2007,4.750383854
Nepal,NPL,2007,4.74828434
Kyrgyzstan,KGZ,2007,4.697761536
Senegal,SEN,2007,4.679986954
Latvia,LVA,2007,4.666971684
Albania,ALB,2007,4.634251595
Mongolia,MNG,2007,4.609059334
Bangladesh,BGD,2007,4.607322216
Kenya,KEN,2007,4.575657845
Azerbaijan,AZE,2007,4.56815958
Macedonia,MKD,2007,4.493598461
Yemen,YEM,2007,4.477132797
Uganda,UGA,2007,4.45583868
Tajikistan,TJK,2007,4.431608677
Sri Lanka,LKA,2007,4.414805412
Cameroon,CMR,2007,4.349939346
Tanzania,TZA,2007,4.317949772
Niger,NER,2007,4.277402401
Central African Republic,CAF,2007,4.160129547
Cambodia,KHM,2007,4.15597105
Palestine,PSE,2007,4.151053905
Mauritania,MRT,2007,4.149043083
Chad,TCD,2007,4.141326904
Burkina Faso,BFA,2007,4.017130375
Zambia,ZMB,2007,3.998293161
Bulgaria,BGR,2007,3.843797922
Georgia,GEO,2007,3.707194567
Liberia,LBR,2007,3.701401234
Sierra Leone,SLE,2007,3.585127354
Zimbabwe,ZWE,2007,3.280246735
Finland,FIN,2006,7.672449112
Switzerland,CHE,2006,7.473252773
Norway,NOR,2006,7.415682316
New Zealand,NZL,2006,7.305014133
United States,USA,2006,7.18179369
Israel,ISR,2006,7.173417091
Ireland,IRL,2006,7.144246578
Austria,AUT,2006,7.122211456
Costa Rica,CRI,2006,7.082465172
United Arab Emirates,ARE,2006,6.734221935
France,FRA,2006,6.582700253
Venezuela,VEN,2006,6.525146008
Singapore,SGP,2006,6.462702751
Argentina,ARG,2006,6.312925339
Cyprus,CYP,2006,6.237958431
Jamaica,JAM,2006,6.207881927
Taiwan,TWN,2006,6.189050198
Panama,PAN,2006,6.127988338
Kuwait,KWT,2006,6.075547218
Chile,CHL,2006,6.062851906
Colombia,COL,2006,6.024942875
Malaysia,MYS,2006,6.011716843
Lithuania,LTU,2006,5.954442978
Guatemala,GTM,2006,5.901429176
Thailand,THA,2006,5.88543272
Trinidad and Tobago,TTO,2006,5.832188606
Slovenia,SVN,2006,5.811264515
Uruguay,URY,2006,5.785868168
El Salvador,SLV,2006,5.700929642
Belarus,BLR,2006,5.657649994
Hong Kong,HKG,2006,5.511187077
Kazakhstan,KAZ,2006,5.475948334
Cuba,CUB,2006,5.417868614
Portugal,PRT,2006,5.405246258
Honduras,HND,2006,5.396519661
Bolivia,BOL,2006,5.373986244
Estonia,EST,2006,5.371054649
India,IND,2006,5.348258972
South Korea,KOR,2006,5.332177639
Vietnam,VNM,2006,5.293659687
Slovakia,SVK,2006,5.264676571
Uzbekistan,UZB,2006,5.232322216
Moldova,MDA,2006,5.102071285
Dominican Republic,DOM,2006,5.087967873
South Africa,ZAF,2006,5.083986759
Laos,LAO,2006,5.076225758
Ecuador,ECU,2006,5.02419138
Russia,RUS,2006,4.963742733
Indonesia,IDN,2006,4.946978092
Zambia,ZMB,2006,4.824454784
Peru,PER,2006,4.810845375
Ukraine,UKR,2006,4.803954124
Botswana,BWA,2006,4.739367008
Paraguay,PRY,2006,4.730082035
Azerbaijan,AZE,2006,4.727870941
Palestine,PSE,2006,4.716387749
Nigeria,NGA,2006,4.709745884
Latvia,LVA,2006,4.70950222
Philippines,PHL,2006,4.669945717
Lebanon,LBN,2006,4.653103828
Kyrgyzstan,KGZ,2006,4.641398907
Tajikistan,TJK,2006,4.613099098
Mozambique,MOZ,2006,4.594879627
Nepal,NPL,2006,4.566594601
China,CHN,2006,4.560495377
Ghana,GHA,2006,4.535019875
Nicaragua,NIC,2006,4.460158348
Senegal,SEN,2006,4.417352676
Sri Lanka,LKA,2006,4.344610691
Bangladesh,BGD,2006,4.318909168
Armenia,ARM,2006,4.289310932
Kenya,KEN,2006,4.223234177
Rwanda,RWA,2006,4.21470356
Mali,MLI,2006,4.014075756
Madagascar,MDG,2006,3.979751348
Tanzania,TZA,2006,3.922484159
Cameroon,CMR,2006,3.851072073
Malawi,MWI,2006,3.829868078
Zimbabwe,ZWE,2006,3.826268435
Burkina Faso,BFA,2006,3.801490784
Haiti,HTI,2006,3.754156113
Niger,NER,2006,3.736951828
Uganda,UGA,2006,3.733583927
Georgia,GEO,2006,3.675108433
Sierra Leone,SLE,2006,3.628185034
Cambodia,KHM,2006,3.568744659
Chad,TCD,2006,3.434800625
Benin,BEN,2006,3.329801559
Togo,TGO,2006,3.202429295
Denmark,DNK,2005,8.01893425
Netherlands,NLD,2005,7.463979244
Canada,CAN,2005,7.418048382
Sweden,SWE,2005,7.376315594
Australia,AUS,2005,7.340688229
Belgium,BEL,2005,7.262290478
Venezuela,VEN,2005,7.169620991
Spain,ESP,2005,7.152785778
France,FRA,2005,7.093392849
Saudi Arabia,SAU,2005,7.079644203
United Kingdom,GBR,2005,6.983556747
Italy,ITA,2005,6.853783607
Brazil,BRA,2005,6.636771202
Germany,DEU,2005,6.619549751
Mexico,MEX,2005,6.580657959
Japan,JPN,2005,6.515817165
Czech Republic,CZE,2005,6.439256668
Jordan,JOR,2005,6.294660091
Greece,GRC,2005,6.006309986
Poland,POL,2005,5.587209225
Lebanon,LBN,2005,5.49124527
Iran,IRN,2005,5.308190346
Pakistan,PAK,2005,5.224657536
Hungary,HUN,2005,5.193933487
Egypt,EGY,2005,5.167754173
Romania,ROU,2005,5.048648357
Turkey,TUR,2005,4.718733788
